id,type_key,box,position,qty,manufacturer,condition,type1,type2,origin,test_values,other,date_added,notes
1,75,SUC Az.,A,1,,,,,Rui Rosa,,,2026-08-27,
2,84,SUC Az.,A,1,,,6Z4,,Rui Rosa,,,2026-08-27,
3,12AT6,SUC Az.,Cx Pq. A,1,,,,,Rui Rosa,,,2026-08-27,
4,12BA6,SUC Az.,Cx Pq. A,1,,,,,Rui Rosa,,,2026-08-27,
5,12BA6,SUC Az.,C,1,,,,,Rui Rosa,,,2026-08-27,
6,12BE6,SUC Az.,C Esq:,2,,,,,Rui Rosa,,,2026-08-27,
7,25Z5,SUC Az.,Cx Gr. A,1,,,,,Rui Rosa,,,2026-08-27,
8,35W4,SUC Az.,Cx Pq. A,1,,,,,Rui Rosa,,,2026-08-27,
9,39E44,SUC Az.,A,2,,,39/44,,Rui Rosa,,,2026-08-27,
10,42E,SUC Az.,A,1,,,,,Rui Rosa,,,2026-08-27,
11,6A7,SUC Az.,a,1,,,,,Rui Rosa,,,2026-08-27,
12,6A7,SUC Az.,Cx Gr. A,1,,,,,Rui Rosa,,,2026-08-27,
13,6AN6,SUC Az.,C,3,,,,,Rui Rosa,,,2026-08-27,
14,6AX4,SUC Az.,,1,,,,,Rui Rosa,,,2026-08-27,
15,6D6,SUC Az.,A,1,,,,,Rui Rosa,,,2026-08-27,
16,6X4,SUC Az.,C Esq.,1,,,,,Rui Rosa,,,2026-08-27,Filamento em CC?
17,DY67,SUC Az.,B,1,,,??,,Rui Rosa,,,2026-08-27,
18,DY802,SUC Az.,C Esq.,1,,,,,Rui Rosa,,,2026-08-27,
19,EBC42,SUC Az.,B,1,,,Vm.,,Rui Rosa,,,2026-08-27,
20,ECH3,SUC Az.,Cx Gr. A,1,,,,,Rui Rosa,,,2026-08-27,
21,ECH42,SUC Az.,,1,,,,,Rui Rosa,,,2026-08-27,
22,ECH81,SUC Az.,C,2,,,,,Rui Rosa,,,2026-08-27,
23,EF184,SUC Az.,B,1,,,,,Rui Rosa,,,2026-08-27,
24,EF41,SUC Az.,B,1,,,,,Rui Rosa,,,2026-08-27,
25,EF9,SUC Az.,A,1,,,,,Rui Rosa,,,2026-08-27,
26,EL,SUC Az.,B,1,,,,,Rui Rosa,,,2026-08-27,
27,EM,SUC Az.,B,1,,,EM81,,Rui Rosa,,,2026-08-27,
28,NN1,SUC Az.,,1,,,,,Rui Rosa,,,2026-08-27,
29,NN2,SUC Az.,C,1,,,,,Rui Rosa,,,2026-08-27,
30,NN3,SUC Az.,,1,,,PCF86,,Rui Rosa,,,2026-08-27,
31,NN4,SUC Az.,B,1,,,,,Rui Rosa,,,2026-08-27,
32,NN5,SUC Az.,B,1,,,PCF86?,,Rui Rosa,,CT160,2026-08-27,
33,NN6,SUC Az.,B,1,,,PCC89?,,Rui Rosa,,,2026-08-27,
34,NN7,SUC Az.,B,1,,,805?,,Rui Rosa,,,2026-08-27,
35,NN8,SUC Az.,A,1,,,,,Rui Rosa,,,2026-08-27,
36,NSP2,SUC Az.,A,1,,,,,Rui Rosa,Strobe Tube,,2026-08-27,
37,P80,SUC Az.,B,1,,,,,Rui Rosa,,,2026-08-27,
38,PCC89,SUC Az.,,1,,,Br.,,Rui Rosa,,,2026-08-27,
39,PCF80,SUC Az.,B,1,,,,,Rui Rosa,,,2026-08-27,
40,PCL805,SUC Az.,B meio,1,,,,,Rui Rosa,,,2026-08-27,
41,PCL85,SUC Az.,B meio,2,,,,,Rui Rosa,,,2026-08-27,
42,PCL85,SUC Az.,Cx Pq. A,1,,,,,Rui Rosa,,,2026-08-27,
43,PY81,SUC Az.,Cx Pq. A,1,,,,,Rui Rosa,,,2026-08-27,
44,UABC80,SUC Az.,B,1,,,,,Rui Rosa,,,2026-08-27,
45,UL41,SUC Az.,B,1,,,,,Rui Rosa,,,2026-08-27,
46,UY85,SUC Az.,,1,,,,,Rui Rosa,,,2026-08-27,
47,7H7,Saco Az,,1,NN,,,,Paulo Barreto,,,2026-08-27,
48,DY802,Saco Az,,2,PHILIPS,,,,Paulo Barreto,,,2026-08-27,
49,DY802,Saco Az,,1,,NOS,,,Paulo Barreto,,,2026-08-27,
50,DY802,Saco Az,,3,ZAERIX,,,,Paulo Barreto,,,2026-08-27,
51,DY88,Saco Az,,1,BEL,,,,Paulo Barreto,,,2026-08-27,
52,EF183,Saco Az,,2,PHILIPS,,,,Paulo Barreto,,,2026-08-27,
53,EF183,Saco Az,,1,SIEMIENS,NOS,,,Paulo Barreto,,,2026-08-27,
54,EF183,Saco Az,,1,SIEMENS,NOS,,,Paulo Barreto,,,2026-08-27,
55,EF183,Saco Az,,1,SIEMENS,,,,Paulo Barreto,,,2026-08-27,
56,EF183,Saco Az,,1,,,,,Paulo Barreto,,,2026-08-27,
57,EF184,Saco Az,,1,PHILIPS,,,,Paulo Barreto,,,2026-08-27,
58,EF184,Saco Az,,1,EDISWAN,NOS,,,Paulo Barreto,,,2026-08-27,
59,EF184,Saco Az,,2,,,,,Paulo Barreto,,,2026-08-27,
60,PC86,Saco Az,,1,,,,,Paulo Barreto,,,2026-08-27,
61,PC88,Saco Az,,1,PHILIPS,,,,Paulo Barreto,,,2026-08-27,
62,PC900,Saco Az,,1,MULLARD,NOS,,,Paulo Barreto,,,2026-08-27,
63,PC900,Saco Az,,1,TEONEX,NOS,,,Paulo Barreto,,,2026-08-27,
64,PC900,Saco Az,,1,MULLARD,,,,Paulo Barreto,,,2026-08-27,
65,PC900,Saco Az,,1,,NOS,,,Paulo Barreto,,,2026-08-27,
66,PC900,Saco Az,,1,PHILIPS,,,,Paulo Barreto,,,2026-08-27,
67,PC92,Saco Az,,1,TELEFUNKEN,,,,Paulo Barreto,,,2026-08-27,
68,PC92,Saco Az,,1,SIEMENS,,,,Paulo Barreto,,,2026-08-27,
69,PCC182,Saco Az,,1,PHILIPS,,,,Paulo Barreto,,,2026-08-27,
70,PCC189,Saco Az,,1,PHILIPS,NOS,,,Paulo Barreto,,,2026-08-27,
71,PCC189,Saco Az,,1,ZAERIX,NOS,,,Paulo Barreto,,,2026-08-27,
72,PCC189,Saco Az,,1,PHILIPS,,,,Paulo Barreto,,,2026-08-27,
73,PCC189,Saco Az,,1,ZAERIX,,,,Paulo Barreto,,,2026-08-27,
74,PCC84,Saco Az,,1,TELEFUNKEN,,,,Paulo Barreto,,,2026-08-27,
75,PCC88,Saco Az,,1,TELEFUNKEN,,,,Paulo Barreto,,,2026-08-27,
76,PCC88,Saco Az,,1,,,,,Paulo Barreto,,,2026-08-27,
77,PCC89,Saco Az,,1,PHILIPS,,,,Paulo Barreto,,,2026-08-27,
78,PCC89,Saco Az,,1,,NOS,,,Paulo Barreto,,,2026-08-27,
79,PCF183,Saco Az,,1,PHILIPS,,,,Paulo Barreto,,,2026-08-27,
80,PCF200,Saco Az,,1,PHILIPS,NOS,,,Paulo Barreto,,,2026-08-27,
81,PCF200,Saco Az,,2,PHILIPS,,,,Paulo Barreto,,,2026-08-27,
82,PCF201,Saco Az,,1,PHILIPS,,,,Paulo Barreto,,,2026-08-27,
83,PCF80,Saco Az,,1,PHILIPS,NOS,,,Paulo Barreto,,,2026-08-27,
84,PCF80,Saco Az,,2,MULLARD,,,,Paulo Barreto,,,2026-08-27,
85,PCF80,Saco Az,,1,BRIMAR,NOS,,,Paulo Barreto,,,2026-08-27,
86,PCF80,Saco Az,,1,,,,,Paulo Barreto,,,2026-08-27,
87,PCF802,Saco Az,,2,PHILIPS,,,,Paulo Barreto,,,2026-08-27,
88,PCF802,Saco Az,,1,?,,,,Paulo Barreto,,,2026-08-27,
89,PCF802,Saco Az,,2,SIEMENS,,,,Paulo Barreto,,,2026-08-27,
90,PCF802,Saco Az,,1,SYVANIA,NOS,,,Paulo Barreto,,,2026-08-27,
91,PCF802,Saco Az,,1,,,,,Paulo Barreto,,,2026-08-27,
92,PCF802,Saco Az,,3,MULLARD,,,,Paulo Barreto,,,2026-08-27,
93,PCF805,Saco Az,,1,BRIMAR,,,,Paulo Barreto,,,2026-08-27,
94,PCF806,Saco Az,,1,MULLARD,,,,Paulo Barreto,,,2026-08-27,
95,PCF82,Saco Az,,1,TELEFUNKEN,,,,Paulo Barreto,,,2026-08-27,
96,PCF86,Saco Az,,1,VALVO,NOS,,,Paulo Barreto,,,2026-08-27,
97,PCF96,Saco Az,,1,PHILIPS,,,,Paulo Barreto,,,2026-08-27,
98,PCF96,Saco Az,,1,SIEMENS,,,,Paulo Barreto,,,2026-08-27,
99,PCH200,Saco Az,,2,PHILIPS,,,,Paulo Barreto,,,2026-08-27,
100,PCH200,Saco Az,,1,SIEMIENS,NOS,,,Paulo Barreto,,,2026-08-27,
101,PCH200,Saco Az,,1,,NOS,,,Paulo Barreto,,,2026-08-27,
102,PCL200,Saco Az,,1,,NOS,,,Paulo Barreto,,,2026-08-27,
103,PCL805,Saco Az,,2,SYLVANIA,,,,Paulo Barreto,,,2026-08-27,
104,PCL805,Saco Az,,2,PHILIPS,NOS,,,Paulo Barreto,,,2026-08-27,
105,PCL805,Saco Az,,1,BEL,,,,Paulo Barreto,,,2026-08-27,
106,PCL805,Saco Az,,1,BEL,NOS,,,Paulo Barreto,,,2026-08-27,
107,PCL805,Saco Az,,1,PHILIPS,,,,Paulo Barreto,,,2026-08-27,
108,PCL805,Saco Az,,1,,,,,Paulo Barreto,,,2026-08-27,
109,PCL805,Saco Az,,1,ZARRIX,,,,Paulo Barreto,,,2026-08-27,
110,PCL805,Saco Az,,1,ZAERIX,,,,Paulo Barreto,,,2026-08-27,
111,PCL805,Saco Az,,1,SIEMENS,,,,Paulo Barreto,,,2026-08-27,
112,PCL805,Saco Az,,1,,NOS,,,Paulo Barreto,,,2026-08-27,
113,PCL82,Saco Az,,1,PHILIPS,,,,Paulo Barreto,,,2026-08-27,
114,PCL82,Saco Az,,1,MULLARD,NOS,,,Paulo Barreto,,,2026-08-27,
115,PCL82,Saco Az,,1,BRIMAR,NOS,,,Paulo Barreto,,,2026-08-27,
116,PCL82,Saco Az,,1,,,,,Paulo Barreto,,,2026-08-27,
117,PCL82,Saco Az,,1,HALTRON,,,,Paulo Barreto,,,2026-08-27,
118,PCL82,Saco Az,,1,BEL,,,,Paulo Barreto,,,2026-08-27,
119,PCL82,Saco Az,,1,MULLARD,,,,Paulo Barreto,,,2026-08-27,
120,PCL82,Saco Az,,1,SIEMENS,NOS,,,Paulo Barreto,,,2026-08-27,
121,PCL84,Saco Az,,2,SIEMENS,,,,Paulo Barreto,,,2026-08-27,
122,PCL84,Saco Az,,1,,,,,Paulo Barreto,,,2026-08-27,
123,PCL85,Saco Az,,1,EDISWAN,,,,Paulo Barreto,,,2026-08-27,
124,PCL86,Saco Az,,1,MULLARD,NOS,,,Paulo Barreto,,,2026-08-27,
125,PCL86,Saco Az,,1,BEL,NOS,,,Paulo Barreto,,,2026-08-27,
126,PCL86,Saco Az,,1,SIEMIENS,NOS,,,Paulo Barreto,,,2026-08-27,
127,PCL86,Saco Az,,1,EDISWAN,NOS,,,Paulo Barreto,,,2026-08-27,
128,PCL86,Saco Az,,1,,NOS,,,Paulo Barreto,,,2026-08-27,
129,PCL86,Saco Az,,1,TEONEX,,,,Paulo Barreto,,,2026-08-27,
130,PCL86,Saco Az,,1,BEL,,,,Paulo Barreto,,,2026-08-27,
131,PCL86,Saco Az,,1,,,,,Paulo Barreto,,,2026-08-27,
132,PCL94,Saco Az,,1,MULLARD,,,,Paulo Barreto,,,2026-08-27,
133,PF86,Saco Az,,1,VALVO,,,,Paulo Barreto,,,2026-08-27,
134,PF86,Saco Az,,2,PHILIPS,,,,Paulo Barreto,,,2026-08-27,
135,PFL200,Saco Az,,1,MULLARD,,,,Paulo Barreto,,,2026-08-27,
136,PFL200,Saco Az,,1,MULLARD,NOS,,,Paulo Barreto,,,2026-08-27,
137,PL36,Saco Az,,1,EDISWAN,,,,Paulo Barreto,,,2026-08-27,
138,PL36,Saco Az,,1,EDISWAN,NOS,,,Paulo Barreto,,,2026-08-27,
139,PL36,Saco Az,,1,PHILIPS,NOS,,,Paulo Barreto,,,2026-08-27,
140,PL36,Saco Az,,1,NN,NOS,,,Paulo Barreto,,,2026-08-27,
141,PL500,Saco Az,,1,BRIMAR,used,,,Paulo Barreto,,,2026-08-27,
142,PL504,Saco Az,,1,,NOS,,,Paulo Barreto,,,2026-08-27,
143,PL504,Saco Az,,1,ZAERIX,,,,Paulo Barreto,,,2026-08-27,
144,PL504,Saco Az,,8,ZAERIX,NOS,,,Paulo Barreto,,,2026-08-27,
145,PL504,Saco Az,,2,SYVANIA,NOS,,,Paulo Barreto,,,2026-08-27,
146,PL504,Saco Az,,4,PHILIPS,NOS,,,Paulo Barreto,,,2026-08-27,
147,PL504,Saco Az,,1,SIEMENS,used,,,Paulo Barreto,,,2026-08-27,
148,PL81,Saco Az,,1,SIEMENS,,,,Paulo Barreto,,,2026-08-27,
149,PL83,Saco Az,,1,PHILIPS,NOS,,,Paulo Barreto,,,2026-08-27,
150,PL84,Saco Az,,2,PHILIPS,NOS,,,Paulo Barreto,,,2026-08-27,
151,PL84,Saco Az,,1,,NOS,,,Paulo Barreto,,,2026-08-27,
152,PL95,Saco Az,,2,ZAERIX,,,,Paulo Barreto,,,2026-08-27,
153,PL95,Saco Az,,1,ZAERIX,NOS,,,Paulo Barreto,,,2026-08-27,
154,PVF801,Saco Az,,1,PHILIPS,,,,Paulo Barreto,,,2026-08-27,
155,PY88,Saco Az,,1,BEL,,,,Paulo Barreto,,,2026-08-27,
156,PY88,Saco Az,,2,BEL,NOS,,,Paulo Barreto,,,2026-08-27,
157,PY88,Saco Az,,1,SYVANIA,,,,Paulo Barreto,,,2026-08-27,
158,PY88,Saco Az,,1,,,,,Paulo Barreto,,,2026-08-27,
159,M575,Cx.40 B,"Cx, Esferovite",1,EEV,,JP5975,,K Lino,,,2026-08-27,"20 kW peak output power typical, 100 kW max."
160,JP97D,Cx.40,"Cx, Esferovite",1,MULLARD,,,,K Lino,,SNº 3938/6714,2026-08-27,
161,4125A,Cx.40,"Cx, Cartao",3,EIMAC,,4D21,,K Lino,,,2026-08-27,
162,872A,Cx.40,,1,ZAERIX,,DCG5/5000GB,,K Lino,,,2026-08-27,
163,C1112,Cx.40,,1,,,QY4-250,,K Lino,,,2026-08-27,
164,C1166,Cx.40,"Cx, Cartao",2,,,,,K Lino,,,2026-08-27,
165,M575,Cx.40,"Cx,Cartão",1,EEV,,JP5975,,K Lino,,,2026-08-27,"20 kW peak output power typical, 100 kW max."
166,M599B,Cx.40,"Cx,Cartão",1,EMIvarian,,JP9-2.5D,,,,SNº 78099299,2026-08-27,
167,M5187,Cx.40,"Cx,Cartão",1,EEV,,YP1120,,,,snº 8007650,2026-08-27,
168,QF451,Cx.40,SACO,1,FERRANTI,,,,K Lino,,SNº 71467,2026-08-27,
169,367,CASA,Saco Continente,1,PH,,,,Outra na Cx. 29,,"From the General Electric Company family of ""Tungar"" rectifier tubes.",2026-08-27,Full-Wave Rectifier inert gas filled Power-supply
170,807,CASA,Saco Pingo Doce,2,STANDARD,,,,K Lino 3º Outra na Cx. 29,,,2026-08-27,Beam Power Tube Universal
171,813,CASA,Saco Continente,1,,,,,,,,2026-08-27,Tetrodo . Power vacuum Oscilator
172,1164,CASA,Saco Continente,1,,,,,Outra na Cx. 29,,Gas filled rectifier for use in battery chargers and cinema rectifiers; 15A each tube. 30 Pb cells max.,2026-08-27,gasfilled Power-supply A92 W61 com gas
173,8122,CASA,Saco Continente,1,RCA,,,,K Lino 3º,,,2026-08-27,Beam Power Transmitting
174,8122,CASA,Saco Pingo Doce,1,RCA,,,,K Lino 3º,,,2026-08-27,Beam Power Tube Power/Output
175,8163,CASA,Saco Continente,1,,,3-400Z,,,,,2026-08-27,
176,8552,CASA,Saco Pingo Doce,1,RCA,NOS,,,K Lino 3º Outra na Cx. 29,,,2026-08-27,Power/Output
177,12JB6,CASA,Saco Pingo Doce,1,SYLVANIA,NOS,,,K Lino 3º,,,2026-08-27,Power/Output
178,2T12P,CASA,Saco Pingo Doce,1,TEM,,,,K Lino 3º,5 mho,,2026-08-27,
179,3G15C1A,CASA,Saco Pingo Doce,1,CETRON,,,,,,,2026-08-27,Thyratron
180,4C356268,CASA,Saco Continente,1,COLOMOR,,1G35P,,,,Hydrogen thyratron with self-contained hydrogen reservoir.,2026-08-27,
181,4PR60C8252W,CASA,Movel,1,,,,,Feira Algés,,c/ Socket,2026-08-27,Power/Output
182,6AG7,CASA,Saco Pingo Doce,1,RCA,NOS,,,K Lino 3º,,,2026-08-27,Vacuum Pentode Power/Output
183,6AM6S,CASA,Saco Pingo Doce,1,RT,NOS,,,K Lino 3º Outras nas Cx. 17.19.27,,,2026-08-27,Vacuum Pentode VHF
184,6CD6GA,CASA,Saco Pingo Doce,1,RCA,,,,K Lino 3º,,,2026-08-27,Beam Power Tube
185,6L6CRC6L6,CASA,Saco Pingo Doce,2,RCA,,CRC-6L6,,K Lino 3º,,Cx. Metáliça,2026-08-27,Beam Power Tube JAN
186,807W5933,CASA,Saco Pingo Doce,1,SYLVANIA,NOS,5933,,K Lino 3º,,,2026-08-27,Power/Output
187,A2426,CASA,Saco Pingo Doce,1,GEC,,,,K Lino 3º,,,2026-08-27,Beam Power
188,C1166,CASA,Saco Continente,1,,,,,,,,2026-08-27,Pulse Amplifier Tetrode
189,C1534C1134,CASA,Saco Pingo Doce,1,EEL English electric valve,,C1134,,,,,2026-08-27,Double Tetrode? VHF
190,C1A,CASA,Saco Continente,1,CETRON,,,,,,,2026-08-27,FRS
191,CV2519,CASA,Movel,1,,,,,Feira Algés,12mA/V,,2026-08-27,Power/Output 6BGA080
192,DH391,CASA,Saco Pingo Doce,1,PHILIPS,,,,K Lino 3º Outra em Cx.30,,,2026-08-27,Oscilloscope CRT. picture tube Indication
193,DH39111080,CASA,Saco,1,Mullard,NOS,,,Outra em Cx.30,,,2026-08-27,Oscilloscope CRT. picture tube 365Gg
194,DH39111080,CASA,Saco Continente,1,PHL,NOS,,,Outra em Cx.30,,Mini CRT,2026-08-27,Oscilloscope CRT. picture tube 365Gg
195,E236L,CASA,Saco Pingo Doce,1,SIEM,NOS,,,Outra em Cx.30,,,2026-08-27,Beam Power Tube
196,E236L,CASA,Saco Pingo Doce,1,TELFK,NOS,,,Outra em Cx.30,,,2026-08-27,Beam Power Tube / Measurement
197,EL38,CASA,Saco Pingo Doce,2,Tronix,NOS,,,,,OK CT160 ambas,2026-08-27,Audio Power/Output
198,EL5196KG6A,CASA,Saco Pingo Doce,1,SYLVANIA,NOS,6KG6A,,,,,2026-08-27,Power/Output
199,YL10708117A,CASA,Saco Pingo Doce,1,PHL,NOS,8117A,,K Lino 3º,,,2026-08-27,Double Tetrode VHF
200,YL1371,CASA,Saco Pingo Doce,1,PHL,NOS,,,K Lino 3º,,,2026-08-27,Beam Power Tube
201,ZM1042,CASA,Saco Pingo Doce,2,VAVO,NOS,,,K Lino 3º,,,2026-08-27,Numerals- and Symbols indicating tube
202,C1112,41,,1,,,QY4-250,,K Lino,,,2026-08-27,
203,AFX203,41,,1,,,C1A,,K Lino,,,2026-08-27,
204,CRC6L6,41,,1,TCA,,JAN,,K Lino,,,2026-08-27,
205,KS920D,41,,1,,,,,K Lino,,,2026-08-27,
206,QF451,41,,1,,,,,K Lino,,,2026-08-27,
207,RK6043,41,,1,RAYTHEON,,KJST,,K Lino,,,2026-08-27,
208,TT22,41,,2,SEC,,,,K Lino,,,2026-08-27,
209,CV3982,41,,1,,,,,,,,2026-08-27,
210,725A,41,,1,PHL,,,,,SNº1918,,2026-08-27,
211,M503A,41,"Cx, Esferovite",1,EEV,,,,K Lino,,,2026-08-27,
212,809,41,,1,RCA,,,,K Lino 3º,,,2026-08-27,Power/Output Transmitting
213,6336A,41,,1,Cetron,NOS,,,K Lino 3º,,,2026-08-27,Power-supply
214,3G15C1A,41,,1,,,,,,,,2026-08-27,Thyratron
215,YL1070,41,,1,PHL,NOS,8117A,,K Lino 3º,,,2026-08-27,Double Tetrode VHF
216,BS810,41,,1,,,QF45,,K Lino,,SHF/EHF,2026-08-27,
217,E236L,41,,2,SIEMENS,,,,K Lino,,,2026-08-27,
218,QQE0640,41,,1,PHILIPS,,QQV-06-40A,,K Lino,,,2026-08-27,
219,807,35 CAIXA,,1,PRIMAX ?,,,,K Lino,,,2026-08-27,
220,8163,34 Saco,Cx.,1,EIMAC,,3-400Z,,K Lino,,,2026-08-27,
221,1B24A,34 Saco,,2,,,,,K Lino,,Radar,2026-08-27,
222,24B9,34 Saco,,1,,,,,K Lino,,,2026-08-27,
223,3KP1F,34 Saco,,1,Hitachi,,,,K Lino,,,2026-08-27,
224,6146,34 Saco,,2,STC,NOS,,,K Lino,,,2026-08-27,
225,7004,34 Saco,,1,RCA,,,,K Lino,,UHF,2026-08-27,
226,807QV0525,34 Saco,,1,PINNACLE,NOS,P1213,,K Lino,,,2026-08-27,
227,807W,34 Saco,,1,,,5933,,K Lino,,,2026-08-27,
228,A2426,34 Saco,Cx.,1,SEC,,,,K Lino,,,2026-08-27,
229,BS810,34 Saco,,3,,,QF45,,K Lino,,SHF/EHF,2026-08-27,
230,C1148B,34 Saco,Cx.,1,EEV,,,,K Lino,,,2026-08-27,
231,C1A,34 Saco,,1,,,,,K Lino,,,2026-08-27,
232,E236L,34 Saco,,4,SIEMENS,,,,K Lino,,,2026-08-27,
233,ECH42,34 Saco,Cx.,1,,,,,K Lino,,,2026-08-27,
234,EL360,34 Saco,Cx.,1,,,,,K Lino,,,2026-08-27,
235,FX227,34 Saco,Cx.,1,EEV,,,,K Lino,,,2026-08-27,
236,GT1C,34 Saco,,2,,,,,K Lino,,,2026-08-27,
237,GT1C,34 Saco,Cx.,1,SEC,,,,K Lino,,,2026-08-27,
238,K302,34 Saco,,1,,,,,K Lino,,,2026-08-27,
239,KS920D,34 Saco,Cx.,1,Mullard,,,,K Lino,,SHF/EHF (>3 GHz),2026-08-27,
240,QB35750,34 Saco,,1,PHLIPS,,,,K Lino,,,2026-08-27,
241,QKH1978,34 Saco,,1,RAYTHEON,,2J70B,,K Lino,,,2026-08-27,3070 MHz 7.5 kV at 15A input pulses
242,QQV0640A,34 Saco,Cx.,2,,,,,K Lino,,,2026-08-27,
243,ECC85,32,A,2,,,,,J. Maciel,,,2026-08-27,
244,ECC89,32,A,1,,,,,J. Maciel,,,2026-08-27,
245,ECH42,32,A,2,,,,,J. Maciel,,,2026-08-27,
246,ECH81,32,A,2,,,,,J. Maciel,,,2026-08-27,
247,ECH84,32,A,1,,,,,J. Maciel,,,2026-08-27,
248,ECH84,32,B,2,,,,,J. Maciel,,,2026-08-27,
249,ECL80,32,B,3,,,,,J. Maciel,,,2026-08-27,
250,ECL83,32,B,2,,,,,J. Maciel,,,2026-08-27,
251,EF183,32,D,2,,,,,J. Maciel,,,2026-08-27,
252,EL183,32,E,1,,,,,J. Maciel,,,2026-08-27,
253,EL41,32,E,3,,,,,J. Maciel,,,2026-08-27,
254,EL84,32,F,1,,,,,J. Maciel,,,2026-08-27,
255,EY84,32,F,3,,,,,J. Maciel,,,2026-08-27,
256,EZ40,32,F,1,,,,,J. Maciel,,,2026-08-27,
257,PC97,32,F,1,,NOS,,,J. Maciel,,,2026-08-27,
258,PCL82,32,H,1,,,,,,,,2026-08-27,
259,PL84,32,H,1,,,,,,,,2026-08-27,
260,QS9510,32,F,2,,,,,J. Maciel,,,2026-08-27,
261,UEF89,32,G,1,,,,,J. Maciel,,,2026-08-27,
262,UF42,32,G,3,,,,,J. Maciel,,,2026-08-27,
263,UHY042,32,G,1,,,,,J. Maciel,,,2026-08-27,
264,UL41,32,G,3,,,,,J. Maciel,,,2026-08-27,
265,VLS631,32,H,3,,,,,J. Maciel,,,2026-08-27,
266,ZM1030,32,H,4,Amperex,,,,K Lino,,,2026-08-27,
267,6360,31,4,2,,,,,J. Maciel,,,2026-08-27,
268,7360,31,4,2,,,,,J. Maciel,,,2026-08-27,
269,0A2,31,1,1,,,,,J. Maciel,,,2026-08-27,
270,35D5,31,2,3,,,,,J. Maciel,,,2026-08-27,
271,35QL6,31,2,3,,,,,J. Maciel,,,2026-08-27,
272,50B5,31,2,2,,,,,J. Maciel,,,2026-08-27,
273,50B5,31,3,1,,,,,J. Maciel,,,2026-08-27,
274,522AX,31,3,3,,,,,J. Maciel,,,2026-08-27,
275,6AU6,31,1,2,,,,,J. Maciel,,,2026-08-27,
276,6BN8,31,1,1,,,,,J. Maciel,,,2026-08-27,
277,6C4,31,1,3,,,,,J. Maciel,,,2026-08-27,
278,6X4,31,1,1,,,,,J. Maciel,,,2026-08-27,
279,75C1,31,3,3,,,,,J. Maciel,,,2026-08-27,
280,E88C,31,7,1,,,,,J. Maciel,,,2026-08-27,
281,E90CC,31,7,2,,,,,J. Maciel,,,2026-08-27,
282,EA50,31,8,3,,,,,J. Maciel,,,2026-08-27,
283,EBC41,31,8,4,,,,,J. Maciel,,,2026-08-27,
284,EBC81,31,8,1,,,,,J. Maciel,,,2026-08-27,
285,EC91,31,9,3,,,,,J. Maciel,,,2026-08-27,
286,ECC40,31,9,4,,,,,J. Maciel,,,2026-08-27,
287,ECC83,31,9,1,,,,,J. Maciel,,,2026-08-27,
288,140ATB31,30,,1,,,,,K Lino,,,2026-08-27,minitor rectangular
289,2AP1,30,,1,,,,,K Lino,,,2026-08-27,
290,A2426,30,,1,,,,,K Lino,,,2026-08-27,Outra em CASA
291,E236L,30,,1,,,,,K Lino,,,2026-08-27,Outra em CASA
292,EL38,30,,3,,,,,K Lino,,,2026-08-27,Outra em CASA
293,GT1C,30,,2,,,,,K Lino,,,2026-08-27,
294,HS200,30,,1,VIIDICON,,,,K Lino,,,2026-08-27,
295,ZM1042,30,,1,,,,,K Lino,,,2026-08-27,
296,3V3,29,,1,CROSOR,,,,ELTBON,,,2026-08-27,
297,50HB1,29,,1,,,,,K Lino,,,2026-08-27,
298,541D,29,,1,?,,,,K Lino,,,2026-08-27,
299,541D,29,,1,,,,,K Lino,,,2026-08-27,
300,541N,29,,1,?,,,,K Lino,,,2026-08-27,
301,802,29,,2,,,,,ELTBON,,,2026-08-27,
302,807,29,?,1,,,,,ELTBON,,,2026-08-27,Outra em CASA
303,A442,29,,1,PHL,,,,ELTBON,,c/Cx,2026-08-27,
304,CAIXASDEVALVULAS,29,Saco,1,,,Cartão,,,,,2026-08-27,
305,EL38,29,,2,MULL,,,,ELTBON,OK,,2026-08-27,
306,GM617,29,,16,HARSAW?,,,,K Lino,,,2026-08-27,
307,KL75301,29,,1,KLANFILM,,,,ELTBON,,,2026-08-27,
308,PE0640N,29,,1,PHILIPS,NOS,,,J. Maciel,,,2026-08-27,
309,RENS1818,29,,1,TLF,,F,,ELTBON,,,2026-08-27,
310,RV258,29,,1,TLF,,,,ELTBON,,,2026-08-27,
311,43,28,B3,1,arcturus usa,,43,,FL,,,2026-08-27,
312,43,28,B6,1,NATIONAL UNION USA,,43,,FL,100% TV2,,2026-08-27,
313,43,28,B8,1,SYLVANIA,bad contacts,43,,FL,,REPARADA,2026-08-27,
314,43,28,B9,1,KENRAD USA,,43,,FL,,,2026-08-27,
315,43,28,B1,1,,,43,,FL,,,2026-08-27,
316,43,28,B7,1,RCA,,43,,FL,,,2026-08-27,
317,43,28,B2,1,RCA,,43,,ASJ,OK CT160,,2026-08-27,2.4/2.35 33mA 15/18Vg
318,43,28,B4,1,PHIILCO,,43,,ASJ,OK CT160,,2026-08-27,
319,43,28,B5,1,PHIILCO,,43,,ASJ,OK CT160,,2026-08-27,
320,94,28,F3,1,AMPERITE,,94,,K Lino,,,2026-08-27,
321,501,28,F4,1,EDISON,,501,,K Lino,,,2026-08-27,
322,1801,28,,1,PHILIPS,,,,?,,,2026-08-27,
323,1802,28,,1,,,1801,,ELTBON,,,2026-08-27,
324,6080,28,4D,1,RCA,,,,J. Maciel,,,2026-08-27,
325,7551,28,A9,1,,,7551,,K Lino,,,2026-08-27,
326,7551,28,A5,2,MOTOROLA,,7551,,K Lino,,,2026-08-27,
327,8552,28,A1,1,,,8552,,K Lino,,,2026-08-27,Outra em CASA
328,8552,28,C1,1,,,8552,,K Lino,,,2026-08-27,Outra em CASA
329,UNIDENTIFIED,28,,1,PHILIPS,,,,?,,,2026-08-27,
330,0A3,28,A2,1,RCA,,0A3,,K Lino,,,2026-08-27,
331,12BY7A,28,A5,1,RCA,,12BY7A,,K Lino,,,2026-08-27,
332,1G45P,28,A8,1,TOSHIBA,,1G45P,,K Lino,,,2026-08-27,
333,6080,28,3D,1,,,,,K Lino,,,2026-08-27,
334,6N0120,28,F5,2,AMPERITE,,6N0120,,K Lino,,,2026-08-27,
335,6N0120,28,F6,2,AMPERITE,,6N0120,,K Lino,,,2026-08-27,
336,8560A,28,A6,1,MOTOROLA,,8560A,,K Lino,,,2026-08-27,
337,A2426,28,2D,1,SEC,,,,K Lino,,,2026-08-27,
338,B2024,28,F7,1,NEC,,B-2024,,K Lino,,,2026-08-27,
339,GT1C,28,A3,1,GEC,,GT1C,,K Lino,,,2026-08-27,Outra em CASA
340,KS940,28,A7,1,,,KS9-40,,K Lino,,,2026-08-27,
341,QQV0620,28,A4,1,,,6146,,K Lino,,,2026-08-27,
342,RGA180,28,F3,1,NEC,,RGA-180,,K Lino,,,2026-08-27,
343,VLS631,28,F4,2,SEC,,VLS631,,K Lino,,,2026-08-27,
344,ZM1030,28,A9,1,AMPEREX,,ZM1030,,K Lino,,,2026-08-27,
345,2A3,27,1B,1,,,,,ELTBON,,,2026-08-27,
346,2A3,27,2B,1,,,,,ELTBON,,,2026-08-27,
347,32L3,27,5E,1,,,,,J. Maciel,,6883B 8032A 8552 EEA,2026-08-27,
348,6C6,27,5F,1,RAYTHEON,,,,J. Maciel,,,2026-08-27,
349,6E6,27,2A,1,,,,,ELTBON,,,2026-08-27,
350,6L6,27,1E,1,,,6L6,,,,testada veio da Cx 23 com avariada,2026-08-27,
351,6L6G,27,1C,1,BRI,,,,ELTBON,,,2026-08-27,
352,6L6G,27,1D,1,BRI,,,,ELTBON,,,2026-08-27,
353,70,27,??,1,PHILIPS,,,,ELTBON,,,2026-08-27,
354,815VT287,27,1F,1,,,,,ELTBON,,POWER AMP,2026-08-27,
355,815VT287,27,1G,1,,,,,ELTBON,,POWER AMP,2026-08-27,
356,83V,27,9D,1,,,,,FERNADO CARDOSO,TESTADO OK,,2026-08-27,
357,83V,27,9E,1,,,,,FERNADO CARDOSO,TESTADO OK,,2026-08-27,
358,83V,27,9F,1,,,,,FERNADO CARDOSO,TESTADO OK,,2026-08-27,
359,A,27,10A,1,PHL,,,,ELTBON,,,2026-08-27,
360,A409,27,8A,1,PHL,,,,ELTBON,,,2026-08-27,
361,A410,27,7A,1,PHL,,,,ELTBON,,,2026-08-27,
362,A410,27,7B,1,PHL,,,,ELTBON,,,2026-08-27,
363,A410,27,7C,1,,,,,ELTBON,,,2026-08-27,
364,A410,27,9A,1,PHL,,,,ELTBON,,Pinos partido mau estado,2026-08-27,
365,A415,27,7D,1,,,,,ELTBON,,,2026-08-27,
366,A415,27,7E,1,PHL,,,,ELTBON,,,2026-08-27,
367,A415,27,7F,1,,,,,ELTBON,,,2026-08-27,
368,A442,27,7G,1,,,,,ELTBON,,s/ SOCKET,2026-08-27,
369,A442,27,8B,1,PHL,,,,ELTBON,,top solto,2026-08-27,
370,A442,27,8D,1,PHL,,,,ELTBON,,SEM BASE,2026-08-27,
371,B405,27,8C,1,PHL,,,,ELTBON,,,2026-08-27,
372,B405,27,8D,1,PHL,,,,ELTBON,,Sem base,2026-08-27,
373,B424,27,8E,1,,,,,ELTBON,,,2026-08-27,
374,B424,27,9C,1,,,,,J. Maciel,,,2026-08-27,
375,B442,27,8F,1,,,,,ELTBON,,,2026-08-27,
376,B443,27,8G,1,PHL,,,,ELTBON,,,2026-08-27,
377,DW1,27,4F,1,MULL,,F,,ELTBON,,,2026-08-27,
378,KL,27,10B,1,KLANFILM,,,,,,,2026-08-27,
379,KL75,27,5D,1,,,,,ELTBON,,,2026-08-27,
380,KL70503,27,6C,1,,,,,ELTBON,,,2026-08-27,
381,KL70503,27,6D,1,,,,,ELTBON,,,2026-08-27,
382,KL70504,27,6A,1,,,,,ELTBON,,,2026-08-27,
383,KL70504,27,6B,1,,,,,ELTBON,,,2026-08-27,
384,KL70504,27,6F,1,,,,,ELTBON,,,2026-08-27,
385,KL70504,27,6G,1,,,,,ELTBON,,,2026-08-27,
386,LE430,27,4G,1,HELIKON,,F,,ELTBON,,,2026-08-27,
387,REN1004,27,3B,1,TLF,,,,ELTBON,,,2026-08-27,
388,REN1004,27,3C,1,TLF,,,,ELTBON,,,2026-08-27,
389,REN1004,27,4D,1,TLF,,,,ELTBON,,,2026-08-27,
390,REN1004,27,4E,1,TLF,,,,ELTBON,,,2026-08-27,
391,REN1821,27,3D,1,TLF,,,,ELTBON,,,2026-08-27,
392,REN1823D,27,3E,1,TLF,,,,ELTBON,,,2026-08-27,
393,REN1823D,27,3F,1,TLF,,,,ELTBON,,Vidro diferente,2026-08-27,
394,REN804,27,3G,1,,,,,ELTBON,,,2026-08-27,
395,REN904,27,4C,1,,,,,ELTBON,,Vidro diferente,2026-08-27,
396,RES164,27,4A,1,TLF,,,,ELTBON,,,2026-08-27,
397,RGN1004,27,5D,1,TLF,,,,ELTBON,,,2026-08-27,
398,RGN1054,27,4B,1,,,,,ELTBON,,BALASTRO REGULADOR,2026-08-27,
399,RGN2004,27,3A,1,TLF,,,,ELTBON,,,2026-08-27,
400,TB0410,27,2E,1,,,,,ELTBON,,,2026-08-27,
401,V5,27,5G,1,CROSOR,,,,ELTBON,,,2026-08-27,
402,XX,27,10C,1,PHL,,,,,,c/ top,2026-08-27,
403,XX,27,10D,1,PHL,,,,,,c/ top,2026-08-27,
404,XX,27,10E,1,PHL,,,,,,c/ top,2026-08-27,
405,XX,27,10G,1,CROSOR,,,,,,c/ lateral,2026-08-27,
406,EKL38,27,6E,1,,,,,K Lino,,,2026-08-27,
407,12AY4,26,4A,1,,,,,Jose Antão,tv,,2026-08-27,
408,12CL3,26,4B,1,,,,,Jose Antão,tv,,2026-08-27,
409,12DQ6,26,4C,1,,,,,Jose Antão,tv,,2026-08-27,
410,12W6GT,26,4D,1,,,,,Jose Antão,,,2026-08-27,
411,13CM5XL34,26,4E,1,,,,,Jose Antão,,,2026-08-27,
412,17BF11,26,4F,1,,,,,Jose Antão,tv,,2026-08-27,
413,17JZ8,26,4G,1,,,,,Jose Antão,,,2026-08-27,
414,17KV6A,26,4H,1,,,,,Jose Antão,,,2026-08-27,
415,1AD2,26,1A,1,,,,,Jose Antão,,,2026-08-27,
416,1B3GT,26,1B,1,,,,,Jose Antão,,,2026-08-27,
417,24JE6A24LQ6,26,5A,1,,,,,Jose Antão,,,2026-08-27,
418,25CD6,26,5B,1,,,,,Jose Antão,,,2026-08-27,
419,31JS6C,26,5C,1,,,,,Jose Antão,,,2026-08-27,
420,35L6GT,26,5D,1,,,,,Jose Antão,tv,,2026-08-27,
421,35Z5GT,26,5E,1,,,,,Jose Antão,,,2026-08-27,
422,38HE7,26,5F,1,,,,,Jose Antão,,,2026-08-27,
423,38HE7GN,26,6A,1,RCA,,,,J. Maciel,,,2026-08-27,
424,3A3C,26,1C,1,,,,,Jose Antão,,,2026-08-27,
425,3BH2,26,1D,1,,,,,Jose Antão,,,2026-08-27,
426,3CA3,26,1E,1,,,,,Jose Antão,,,2026-08-27,
427,3DC3,26,1F,1,,,,,Jose Antão,,,2026-08-27,
428,3DF3,26,1G,1,,,,,Jose Antão,,,2026-08-27,
429,3DG4,26,1H,1,,,,,Jose Antão,,,2026-08-27,
430,40KG6A,26,5G,1,,,,,Jose Antão,,,2026-08-27,
431,42EC4,26,5H,1,,,,,Jose Antão,,,2026-08-27,
432,5UAGB5AS4A,26,2A,1,,,,,Jose Antão,,,2026-08-27,
433,5UAGB5AS4A,26,2B,1,,,,,Jose Antão,,,2026-08-27,
434,6AD10,26,2C,1,,,,,Jose Antão,,,2026-08-27,
435,6BS3A6AY3B,26,2D,1,,,,,Jose Antão,,,2026-08-27,
436,6CJ36DW4,26,2D,1,,,,,Jose Antão,,,2026-08-27,
437,6CQ4,26,2F,1,,,,,Jose Antão,,,2026-08-27,
438,6DQ6,26,2G,1,,,,,Jose Antão,,,2026-08-27,
439,6EW7,26,2H,1,,,,,Jose Antão,,,2026-08-27,
440,6GF7,26,3A,1,,,,,Jose Antão,,,2026-08-27,
441,6SN7,26,3B,1,,,,,Jose Antão,,,2026-08-27,
442,6SN7,26,3C,1,,,,,Jose Antão,,,2026-08-27,
443,6SNT,26,3D,1,,,,,Jose Antão,,,2026-08-27,
444,6W6GT,26,3E,1,,,,,Jose Antão,,,2026-08-27,
445,57,25,4D,1,,,,,ELTBON,,,2026-08-27,
446,58,25,4E,1,,,,,ELTBON,,,2026-08-27,
447,58,25,4F,1,RCA,,,,ELTBON,,,2026-08-27,
448,77,25,7F,1,RCA,,77,,FL,1.2,s/Cx,2026-08-27,
449,77,25,7G,1,,,,,ELTBON,,,2026-08-27,
450,80,25,3H,1,SYLVANIA,,80,,FL,0.75,,2026-08-27,
451,80,25,7H,1,,,80,,ASJ,40%-45%,,2026-08-27,10
452,80,25,4A,1,,,,,ELTBON,,,2026-08-27,
453,80,25,5D,1,ZAERIX,,,,J. Maciel,,Involcru mais estreito,2026-08-27,
454,91,25,5E,1,TELEFUNKEN,,,,J. Maciel,,,2026-08-27,
455,816,25,6A,1,RCA,,,,J. Maciel,Screen-grid Tetrode,,2026-08-27,
456,1629,25,9A,1,RCA,,,,J. Maciel,,,2026-08-27,
457,0D3VR150,25,1D,1,,,,,ELTBON,,REGULADOR TENSÃO,2026-08-27,
458,0D3VR150,25,1E,1,,,,,ELTBON,,REGULADOR TENSÃO,2026-08-27,
459,0D3VR150,25,1F,1,,,,,ELTBON,,REGULADOR TENSÃO,2026-08-27,
460,0D3VR150,25,1G,1,,,,,ELTBON,,REGULADOR TENSÃO,2026-08-27,
461,2050F,25,1H,1,,,,,ELTBON,,FILAMENTO OFF,2026-08-27,
462,236,25,7C,1,,,,,ELTBON,,FILAMENTO OFF,2026-08-27,
463,236,25,7D,1,,,,,ELTBON,,FILAMENTO OFF,2026-08-27,
464,236,25,7E,1,,,,,ELTBON,,,2026-08-27,
465,25Z5,25,2A,1,,,,,ELTBON,,,2026-08-27,
466,25Z5,25,2B,1,,,,,ELTBON,,,2026-08-27,
467,25Z5,25,7A,1,,,,,ELTBON,,,2026-08-27,
468,25Z5,25,9B,1,RCA,,,,J. Maciel,,,2026-08-27,
469,262B,25,2E,1,WEST,,F,,ELTBON,,,2026-08-27,
470,262B,25,2F,1,WEST,,,,ELTBON,,,2026-08-27,
471,272A,25,2C,1,,,F,,ELTBON,,,2026-08-27,
472,272A,25,2D,1,,,,,ELTBON,,,2026-08-27,
473,2A5,25,4H,1,,,,,ELTBON,,,2026-08-27,
474,2A5,25,4G,1,,,,,ELTBON,,,2026-08-27,
475,2A7,25,5A,1,,,,,ELTBON,,,2026-08-27,
476,2A7,25,5B,1,,,,,ELTBON,,,2026-08-27,
477,309A,25,3F,1,WEST,,F,,ELTBON,,,2026-08-27,
478,309A,25,3E,1,,,,,ELTBON,,,2026-08-27,
479,309A,25,3G,1,WEST,,,,ELTBON,,,2026-08-27,
480,501B1937,25,12G,1,,,,,ELTBON,,Rele 117V 120Sec,2026-08-27,
481,501B1937,25,12H,1,,,,,ELTBON,,Rele 117V 120Sec,2026-08-27,
482,5933,25,1B,1,,,,,ELTBON,,,2026-08-27,
483,5V4,25,5F,1,,,,,ELTBON,,,2026-08-27,
484,5V4,25,6C,1,,,,,ELTBON,,,2026-08-27,
485,5V4,25,6D,1,,,,,ELTBON,,http://www.radiomuseum.org/tubes/tube_kl70503.html,2026-08-27,
486,6A7,25,2G,1,,,F,,ELTBON,,,2026-08-27,
487,6B7,25,2H,1,,,,,ELTBON,,,2026-08-27,
488,6C6,25,5G,1,,,,,ELTBON,,,2026-08-27,
489,6D6,25,3A,1,RCA,,6D6,,ELTBON,,,2026-08-27,
490,6D6,25,3B,1,,,6D6,,ELTBON,,,2026-08-27,
491,6F6,25,5C,1,,,,,ELTBON,,,2026-08-27,
492,6J11,25,9C,1,,,,,J. Maciel,,,2026-08-27,
493,6JS6C,25,9D,1,,,,,J. Maciel,,,2026-08-27,
494,6X5,25,3C,1,,,,,ELTBON,,,2026-08-27,
495,80,25,4B,1,,unboxed,,,ELTBON,,,2026-08-27,
496,80,25,4C,1,,,,,ELTBON,,,2026-08-27,
497,ECC35,25,9E,1,MULLARD,,,,J. Maciel,,,2026-08-27,
498,EF22,25,9F,1,,,,,J. Maciel,,,2026-08-27,
499,EF37,25,9G,1,TEONEX,,,,J. Maciel,,,2026-08-27,
500,EF37,25,9H,1,TEONEX,,,,J. Maciel,,,2026-08-27,
501,EF50,25,10A,1,ZAERIX,,,,J. Maciel,,,2026-08-27,
502,EF50,25,10B,1,ZAERIX,,,,J. Maciel,,,2026-08-27,
503,EZ4,25,3D,1,,,,,ELTBON,,,2026-08-27,
504,KL25,25,12F,1,,,,,ELTBON,,Balastro,2026-08-27,
505,KL70504,25,8A,1,KLANFILM,,,,,,,2026-08-27,
506,KL70504,25,8B,1,KLANFILM,,,,,,,2026-08-27,
507,KL70504,25,8C,1,KLANFILM,,,,,,,2026-08-27,
508,KL70504,25,8D,1,KLANFILM,,,,,,,2026-08-27,
509,KYW62,25,7B,1,MARCONI,,,,ELTBON,,TOP A CONFIRMAR,2026-08-27,
510,L63,25,5H,1,,,,,ELTBON,,,2026-08-27,
511,UCH21,25,6B,1,,,,,ELTBON,,,2026-08-27,
512,X4348,25,1C,1,,,,,ELTBON,,,2026-08-27,
513,10GK6,24,8F,1,,,,,Jose Antão,,,2026-08-27,
514,10JY8,24,8F,1,,,,,Jose Antão,,,2026-08-27,
515,12AQ5,24,12A,1,,,,,,,,2026-08-27,
516,12AT6,24,3A,2,,,,,ELTBON,,,2026-08-27,
517,12AU7,24,9F,3,,,,,Jose Antão,,,2026-08-27,
518,12AV6,24,4A,2,,,,,ELTBON,,,2026-08-27,
519,12B4A,24,10F,1,,,,,Jose Antão,,,2026-08-27,
520,12BY7,24,10F,2,,,,,Jose Antão,tv,,2026-08-27,
521,12BY7A,24,11F,1,,,,,Jose Antão,,,2026-08-27,
522,12GN7A12HG7,24,11F,1,,,,,Jose Antão,,,2026-08-27,
523,14GW8,24,5A,1,,,,,Jose Antão,,,2026-08-27,
524,15CW5,24,6A,1,,,,,Jose Antão,,,2026-08-27,
525,15DQ8,24,6A,1,,,,,Jose Antão,tv,,2026-08-27,
526,16AQ3,24,12F,1,,,,,Jose Antão,tv,,2026-08-27,
527,17Z3,24,6A,1,,,,,Jose Antão,,,2026-08-27,
528,1R5,24,1A,1,,,,,,,,2026-08-27,
529,1S2A,24,1D,1,,,,,Jose Antão,,,2026-08-27,
530,1S2A,24,1A,1,,,,,Jose Antão,,,2026-08-27,
531,24124,24,,1,ARCTURUS usada,,,,J. Maciel,,vidro azul,2026-08-27,
532,2AV2,24,1D,1,,,,,Jose Antão,,,2026-08-27,
533,2CW4,24,1D,1,,,,,Jose Antão,,,2026-08-27,
534,2D21,24,1A,1,,,,,ELTBON,,,2026-08-27,
535,2GK52FQ5A,24,2D,1,,,,,Jose Antão,,,2026-08-27,
536,3AJ8,24,2D,1,,,,,Jose Antão,,,2026-08-27,
537,3BC5,24,2D,1,,,,,Jose Antão,,,2026-08-27,
538,3BZ6,24,3D,2,,,,,Jose Antão,,,2026-08-27,
539,3CB6,24,3D,1,,,,,Jose Antão,,,2026-08-27,
540,3CB6,24,4D,1,,,,,Jose Antão,,,2026-08-27,
541,3GK5,24,4D,1,,,,,Jose Antão,,,2026-08-27,
542,4DK6,24,4D,1,,,,,Jose Antão,,,2026-08-27,
543,4EH7,24,5D,1,,,,,Jose Antão,,,2026-08-27,
544,4LJ8,24,5D,1,,,,,Jose Antão,,,2026-08-27,
545,5AM8,24,5D,1,,,,,Jose Antão,,,2026-08-27,
546,5AM8,24,6D,1,,,,,Jose Antão,tv,,2026-08-27,
547,5AQ5,24,6D,1,,,,,Jose Antão,,,2026-08-27,
548,5AT8,24,6D,1,,,,,Jose Antão,,,2026-08-27,
549,5AT8,24,9D,1,,,,,Jose Antão,,,2026-08-27,
550,5BR8,24,7D,1,,,,,Jose Antão,,,2026-08-27,
551,5GH8A,24,7D,2,,,,,Jose Antão,,,2026-08-27,
552,5GH8A,24,8D,1,,,,,Jose Antão,,,2026-08-27,
553,5GJ7,24,9D,1,,,,,Jose Antão,,,2026-08-27,
554,5T8,24,9D,1,,,,,Jose Antão,,,2026-08-27,
555,6AF9,24,10D,1,,,,,Jose Antão,,,2026-08-27,
556,6AL5,24,10D,2,,,,,Jose Antão,,,2026-08-27,
557,6AL5,24,11D,1,,,,,Jose Antão,,,2026-08-27,
558,6AQ5,24,5A,1,,,,,?,,,2026-08-27,
559,6AQ5,24,11D,2,,,,,Jose Antão,,,2026-08-27,
560,6AQ5,24,12D,1,,,,,Jose Antão,,,2026-08-27,
561,6AT6,24,A1,1,,,,,H Ramos,,,2026-08-27,
562,6AT6,24,1A,1,,,,,ELTBON,,,2026-08-27,
563,6AU6A,24,12D,1,,,,,Jose Antão,,,2026-08-27,
564,6AU6WA,24,12D,1,,,,,Jose Antão,,,2026-08-27,
565,6AV6,24,1E,1,,,,,Jose Antão,,,2026-08-27,
566,6AW8,24,1E,2,,,,,Jose Antão,,,2026-08-27,
567,6AW8,24,2E,1,,,,,Jose Antão,,,2026-08-27,
568,6BA6,24,2A,1,,,,,ELTBON,,,2026-08-27,
569,6BJ6,24,2A,1,,,,,ELTBON,,,2026-08-27,
570,6BN4A,24,2E,1,,,,,Jose Antão,,,2026-08-27,
571,6BN6,24,2E,1,,,,,Jose Antão,,,2026-08-27,
572,6BN8,24,3E,1,,,,,Jose Antão,,,2026-08-27,
573,6BX46X4,24,12c,1,,,,,H Ramos,,,2026-08-27,
574,6BY8,24,3E,2,,,,,Jose Antão,,,2026-08-27,
575,6BZ6,24,4E,1,,,,,Jose Antão,,,2026-08-27,
576,6C4,24,4E,1,,,,,Jose Antão,,,2026-08-27,
577,6CB6,24,4E,1,,,,,Jose Antão,,,2026-08-27,
578,6CG7,24,5E,1,,,,,Jose Antão,,,2026-08-27,
579,6CL8,24,5E,1,,,,,Jose Antão,,,2026-08-27,
580,6CL8A,24,5E,1,,,,,Jose Antão,,,2026-08-27,
581,6CM7,24,6E,1,,,,,Jose Antão,,,2026-08-27,
582,6CQ7,24,6E,1,,,,,Jose Antão,,,2026-08-27,
583,6CQ8A,24,6E,1,,,,,Jose Antão,,,2026-08-27,
584,6CW5,24,7E,1,,,,,Jose Antão,,,2026-08-27,
585,6DE6,24,7E,1,,,,,Jose Antão,,,2026-08-27,
586,6DS4,24,8E,1,,,,,Jose Antão,,,2026-08-27,
587,6DT6A,24,8E,1,,,,,Jose Antão,,,2026-08-27,
588,6EH7,24,8E,1,,,,,Jose Antão,,,2026-08-27,
589,6EH7,24,9E,1,,,,,Jose Antão,,,2026-08-27,
590,6EJ7,24,9E,2,,,,,Jose Antão,,,2026-08-27,
591,6ES8,24,10E,1,,,,,Jose Antão,,,2026-08-27,
592,6EW6,24,10E,1,,,,,Jose Antão,,,2026-08-27,
593,6GH8A,24,2A,1,,,,,Jose Antão,,,2026-08-27,
594,6GJ7,24,10E,1,,,,,Jose Antão,,,2026-08-27,
595,6GM6,24,11E,1,,,,,Jose Antão,,,2026-08-27,
596,6GW8,24,11E,1,,,,,Jose Antão,,,2026-08-27,
597,6GX6,24,11E,1,,,,,Jose Antão,,,2026-08-27,
598,6GX7,24,12E,1,,,,,Jose Antão,,,2026-08-27,
599,6GX7R50,24,12E,1,,,,,Jose Antão,,,2026-08-27,
600,6HQ5,24,12E,1,,,,,Jose Antão,,,2026-08-27,
601,6HS8,24,1F,1,,,,,Jose Antão,,,2026-08-27,
602,6JC6A,24,1F,1,,,,,Jose Antão,,,2026-08-27,
603,6JH6,24,1F,1,,,,,Jose Antão,,,2026-08-27,
604,6KA8,24,2F,2,,,,,Jose Antão,tv,,2026-08-27,
605,6KE8,24,2F,1,,,,,Jose Antão,,,2026-08-27,
606,6LB6,24,3F,1,,,,,Jose Antão,,,2026-08-27,
607,6LE8,24,3F,1,,,,,Jose Antão,,,2026-08-27,
608,6LF8,24,3F,1,,,,,Jose Antão,,,2026-08-27,
609,6LF8,24,4F,1,,,,,Jose Antão,,,2026-08-27,
610,6LJ8,24,4F,1,,,,,Jose Antão,,,2026-08-27,
611,6T8,24,4F,1,,,,,Jose Antão,,,2026-08-27,
612,6T8A,24,5F,1,,,,,Jose Antão,,,2026-08-27,
613,6X8,24,5F,1,,,,,Jose Antão,,,2026-08-27,
614,7ES8,24,6F,1,,,,,Jose Antão,,,2026-08-27,
615,8B8,24,6F,1,,,,,Jose Antão,,,2026-08-27,
616,8DX8,24,6F,1,,,,,Jose Antão,,,2026-08-27,
617,8JV8,24,7F,1,,,,,Jose Antão,,,2026-08-27,
618,8LT8,24,7F,1,,,,,Jose Antão,,,2026-08-27,
619,8X9PCF200,24,7B,1,,,,,Jose Antão,,,2026-08-27,
620,9A8,24,7F,1,,,,,Jose Antão,,,2026-08-27,
621,9GV8,24,8F,1,,,,,Jose Antão,,,2026-08-27,
622,9JW8,24,7B,1,,,,,Jose Antão,,,2026-08-27,
623,9V9PCH200,24,7B,1,,,,,Jose Antão,,,2026-08-27,
624,DY802,24,1C,1,,,,,ELTBON,,,2026-08-27,
625,DY87,24,1C,1,,,,,ELTBON,,,2026-08-27,
626,EABC80,24,5C,1,,,EABC80,,Jose Manuel,,,2026-08-27,
627,EABC80,24,6C,1,,,,,ELTBON,,,2026-08-27,
628,EABC80,24,5C,2,,,,,,,cc/Cx - triodo fraco,2026-08-27,
629,EAF42,24,12C,1,,,,,H Ramos,,,2026-08-27,
630,EAF42,24,7A,1,,,,,ELTBON,,,2026-08-27,
631,EBC81,24,9G,1,,,,,H Ramos,,,2026-08-27,
632,EBF80,24,12C,1,,,,,H Ramos,,,2026-08-27,
633,EBF89,24,11C,1,,,,,H Ramos,,,2026-08-27,
634,ECC81,24,10B,2,,,,,H Ramos,,,2026-08-27,
635,ECC82,24,7C,1,,,,,,,,2026-08-27,
636,ECC83,24,9B,2,,,,,H Ramos,,Vendida a Urbano Oliveira 15€,2026-08-27,
637,ECC85,24,9B,1,,,,,H Ramos,,,2026-08-27,
638,ECF826U8,24,11G,1,,,,,H Ramos,,,2026-08-27,
639,ECH81,24,11C,1,,,,,H Ramos,,,2026-08-27,
640,ECH81,24,10G,1,,,,,H Ramos,,,2026-08-27,
641,ECH81,24,8A,2,,,,,ELTBON,,,2026-08-27,
642,ECH84,24,8A,1,,,,,ELTBON,,,2026-08-27,
643,ECL82,24,11B,1,,,,,H Ramos,,,2026-08-27,
644,EF183,24,9A,4,,,,,ELTBON,,,2026-08-27,
645,EF184,24,5A,1,,,,,?,,,2026-08-27,
646,EF80,24,12G,1,,,,,H Ramos,,,2026-08-27,
647,EF85,24,10A,2,,,,,ELTBON,,,2026-08-27,
648,EF86,24,11G,1,Russa,,,,H Ramos,,,2026-08-27,
649,EF86,24,12G,2,,,,,H Ramos,,,2026-08-27,
650,EF89,24,11G,1,,,,,H Ramos,,,2026-08-27,
651,EF89,24,6C,1,,,,,?,,,2026-08-27,
652,EL42,24,7C,1,,,,,?,,,2026-08-27,
653,EL84,24,11B,1,,,,,H Ramos,,,2026-08-27,
654,EL84,24,12B,4,,,,,H Ramos,,,2026-08-27,
655,EL95,24,12G,1,,,,,H Ramos,,,2026-08-27,
656,EM34,24,11C,1,,,,,H Ramos,,,2026-08-27,
657,EM81,24,11G,1,,,,,H Ramos,,,2026-08-27,
658,EZ80,24,11B,1,,,,,H Ramos,,,2026-08-27,
659,EZ81,24,11B,1,,,,,H Ramos,,,2026-08-27,
660,PCC,24,1B,1,,,,,,,,2026-08-27,
661,PCF200,24,2B,1,,,,,ELTBON,,,2026-08-27,
662,PCF200,24,2B,1,,,,,,,,2026-08-27,
663,PCF80,24,4C,1,,NOS,,,ELTBON,,,2026-08-27,
664,PCF802,24,3B,3,,,,,ELTBON,,,2026-08-27,
665,PCF86,24,4C,2,,,,,ELTBON,,,2026-08-27,
666,PCL805,24,4B,2,,,,,ELTBON,,,2026-08-27,
667,PCL805,24,5B,3,,,,,ELTBON,,,2026-08-27,
668,PCL84,24,6B,2,,,,,ELTBON,,,2026-08-27,
669,PCL86,24,8B,3,,,,,ELTBON,,,2026-08-27,
670,PF86,24,3B,1,,NOS,,,ELTBON,,,2026-08-27,
671,PL504,24,10C,1,,NOS,,,ELTBON,,,2026-08-27,
672,PL504,24,10C,3,,,,,ELTBON,,,2026-08-27,
673,PL504,24,9C,1,,,,,ELTBON,,,2026-08-27,
674,PY88,24,2C,3,,,,,ELTBON,,,2026-08-27,
675,UBC41,24,8C,1,,,,,?,,,2026-08-27,
676,UCH81,24,10G,1,,,,,H Ramos,,,2026-08-27,
677,UL41,24,11A,1,,,,,ELTBON,,,2026-08-27,
678,10BL21,23,,1,,heater open,10BL21,,,,,2026-08-27,
679,12AX4,23,,1,,heater open,12AX4,,,,,2026-08-27,
680,5Y3,23,,1,,heater open,5Y3,,,,,2026-08-27,
681,6SN7GT,23,,1,,heater open,6SN7GT,,,,,2026-08-27,
682,6V6,23,,1,,heater open,6V6,,,,,2026-08-27,
683,EF12,23,,1,,heater open,EF12,,,,,2026-08-27,
684,PCF82,23,,1,,,,,,,,2026-08-27,
685,PCL82,23,,1,,,,,,,,2026-08-27,
686,42,22,,2,RCA,,42,,,120-135% - TV2,Radio RCA 262 Fiesta,2026-08-27,Radio RCA 262 Fiesta
687,42,22,,1,GOLDSTAR - trovac,,42,,FL,130% - TV2,,2026-08-27,Radio RCA 262 Fiesta
688,42,22,,1,GE,,42,,Carlos Peixoto,,,2026-08-27,
689,43,22,,1,,,,,Carlos Peixoto,,,2026-08-27,
690,75,22,,1,,,,,Carlos Peixoto,,,2026-08-27,
691,78,22,,1,,,,,Carlos Peixoto,,,2026-08-27,
692,12AX7,22,,2,,,,,Carlos Peixoto,,,2026-08-27,
693,12K8GT,22,,1,,,,,Carlos Peixoto,,,2026-08-27,
694,12SA7,22,,2,,,,,Carlos Peixoto,,,2026-08-27,
695,12SK7,22,,2,,,,,Carlos Peixoto,,,2026-08-27,
696,1R5,22,,1,,,,,Carlos Peixoto,,,2026-08-27,
697,1S4,22,,3,,,,,Carlos Peixoto,,,2026-08-27,
698,1S5,22,,3,,,,,Carlos Peixoto,,,2026-08-27,
699,35L6GT,22,,1,,,,,Carlos Peixoto,,,2026-08-27,
700,35Z5,22,,1,,,,,Carlos Peixoto,,,2026-08-27,
701,35Z5GT,22,,2,,,,,Carlos Peixoto,,,2026-08-27,
702,3Q5GT,22,,1,,,,,Carlos Peixoto,,,2026-08-27,
703,50L6GT,22,,1,,,,,Carlos Peixoto,,,2026-08-27,
704,6A7,22,,1,,,,,Carlos Peixoto,,,2026-08-27,
705,6BA6,22,,1,,,,,Carlos Peixoto,,,2026-08-27,
706,6C5,22,,1,,,,,Carlos Peixoto,,,2026-08-27,
707,6F7,22,,1,,,,,Carlos Peixoto,,,2026-08-27,
708,6H6,22,,1,,,,,Carlos Peixoto,,,2026-08-27,
709,6K7,22,,1,,,,,Carlos Peixoto,,,2026-08-27,
710,6N7,22,,1,,,,,Carlos Peixoto,,,2026-08-27,
711,6SK7,22,,1,,,,,Carlos Peixoto,,,2026-08-27,
712,6SQ7,22,,1,,,,,Carlos Peixoto,,,2026-08-27,
713,6V6GT,22,,2,,,,,Carlos Peixoto,,,2026-08-27,
714,6X5GT,22,,1,,,,,Carlos Peixoto,,,2026-08-27,
715,CY2,22,,1,,,,,Carlos Peixoto,,,2026-08-27,
716,EZ80,22,,1,,,,,Carlos Peixoto,,,2026-08-27,
717,UBL21,22,,1,,,,,Carlos Peixoto,,,2026-08-27,
718,UCH21,22,,1,,,,,Carlos Peixoto,,,2026-08-27,
719,UCH42,22,,1,,,,,Carlos Peixoto,,,2026-08-27,
720,UY1N,22,,1,,,,,Carlos Peixoto,,,2026-08-27,
721,UY41,22,,2,,,,,Carlos Peixoto,,,2026-08-27,
722,6D6,21,,2,RCA,,6D6,,FL,"teste noTV2/U, shunte a 10 %a 70",,2026-08-27,
723,10LD11,21,,1,,,,,,,,2026-08-27,
724,10FD,21,,1,,,,,,,,2026-08-27,
725,AK2,21,,1,PHILIPS,,AK2,,FL,,,2026-08-27,
726,AZ11,21,,1,PHILIPS,,AZ11,,FL,,Cx de Origem,2026-08-27,
727,AZ1,21,,1,TELAM,,AZ1 / V-63,,FL,,EBAY,2026-08-27,
728,AZ4,21,,1,TUNSRAM,,AZ4,,FL,,,2026-08-27,
729,PEN45,21,,1,MAZDA,,,,,,,2026-08-27,
730,CL33,21,,1,MULLARD,,CL33,,FL,,Ruidosa??,2026-08-27,
731,EL11,21,,1,TRIOTON,,EL11,,FL,,Cx de Origem,2026-08-27,
732,UCL11,21,,1,,,UCL11,,FL,,,2026-08-27,
733,W8111,21,,1,?,,W811,,,CX EM LATA AL-,,2026-08-27,
734,14A7,20,,1,,,,,,,,2026-08-27,
735,14B6,20,,1,,,,,ELTBON,,,2026-08-27,
736,1DK,20,,1,PHILIPS,,1DK?,,FL,,s/Cx,2026-08-27,
737,7A4,20,,1,PHILIPS,,7A4,,FL,,s/Cx,2026-08-27,
738,7A7,20,,4,PHILIPS,,7A7,,FL,,s/Cx,2026-08-27,
739,7A8,20,,1,,,,,,,,2026-08-27,
740,7B6,20,,2,PHILIPS,,7B6,,FL,,s/Cx,2026-08-27,
741,7B8,20,,2,PHILIPS,,7B8,,FL,,s/Cx,2026-08-27,
742,7C5,20,,3,PHILIPS,,7C5,,FL,,s/Cx,2026-08-27,
743,7Y4,20,,3,PHILIPS,,7Y4,,FL,,s/Cx,2026-08-27,
744,XX,20,,2,PHILIPS,,?,,FL,,s/Cx,2026-08-27,
745,1625,19,,1,,,1625,,ASJ,OKCT160,,2026-08-27,"6,8/6,5 15/18VG 83mA"
746,6L6G,19,,2,KENRAD USA,,6L6,,DIMOFEL,,,2026-08-27,
747,6L6GC,19,,5,,,,,,,Usadas MESA BOGGI,2026-08-27,Usadas MESA BOGGI
748,807,19,,1,,,807,,ASJ,OK CT160,A SEGUNDA RCA s/ID,2026-08-27,10 Outra em CASA
749,PF84,19,8B,1,,,,,ELTBON,,,2026-08-27,
750,CB1,18,,1,,,,,FL,,,2026-08-27,
751,CB1,18,,1,,,CB1,,FL,,,2026-08-27,
752,CBC1,18,,1,,,CBC1,,FL,,,2026-08-27,
753,CC2,18,,1,,,CC2,,FL,,,2026-08-27,
754,CF3,18,,1,,,CF3,,FL,,,2026-08-27,
755,CF7,18,,2,,,CF7,,FL,,,2026-08-27,
756,CH1,18,,1,,,CH1,,FL,,,2026-08-27,
757,DAC32,18,,2,,,DAC32,,FL,,,2026-08-27,
758,DY86,18,,1,,,DY86,,FL,,,2026-08-27,
759,EBL21,18,,3,,,EBL21,,FL,,,2026-08-27,
760,ECC86,18,,1,,,ECC86,,FL,,,2026-08-27,
761,ECH11,18,,1,,,ECH11,,FL,,,2026-08-27,
762,ECH21,18,,2,,,ECH21,,FL,,,2026-08-27,
763,ECH42,18,,1,,,ECH42,,FL,,,2026-08-27,
764,ECH81,18,,1,,,ECH81,,FL,,,2026-08-27,
765,EF22,18,,1,,,EF22,,FL,,,2026-08-27,
766,EF9,18,,1,,,EF9,,FL,,,2026-08-27,
767,EF94,18,,1,,,EF94,,FL,,,2026-08-27,
768,EK2,18,,1,,,EK2,,FL,,,2026-08-27,
769,EM34,18,,1,,,EM34,,FL,,,2026-08-27,
770,EM4,18,,1,,,EM4,,FL,,,2026-08-27,
771,EM80,18,,1,,,EM80,,FL,,,2026-08-27,
772,EM84,18,,2,,,EM84,,FL,,,2026-08-27,
773,EY886AL3,18,,1,,,EY88,,FL,,,2026-08-27,
774,PCC85,18,,3,,,PCC85,,FL,,,2026-08-27,
775,PL36,18,,2,,,PL36,,FL,,s/Cx,2026-08-27,
776,PL500,18,,2,,,PL500,,FL,,s/CX,2026-08-27,
777,PY80,18,,1,,,PY80,,FL,,,2026-08-27,
778,UBC41,18,,2,,,UBC41,,FL,,,2026-08-27,
779,UBL21,18,,3,,,UBL21,,FL,,,2026-08-27,
780,UCC85,18,,1,,,UCC85,,FL,,MUITO FRACA DO PH BX253U,2026-08-27,
781,UM4,18,,1,,,UM4,,FL,,,2026-08-27,
782,UY1N,18,,3,,,UY1N,,FL,,,2026-08-27,
783,UY21,18,,1,,,UY21,,FL,,,2026-08-27,
784,UY85,18,,5,,,UY85,,FL,,,2026-08-27,
785,VIBRADOR,18,,1,MOTOROLA,used,VIBRADOR,,FL,,,2026-08-27,
786,34,17,,1,KENRAD,,,,ASJ,OK CT160,vidro azul,2026-08-27,
787,36,17,,1,GOLDSTAR usada,,,,J. Maciel,,,2026-08-27,
788,2050,17,,1,CEI,,2050,,ASJ,,Cx. De origem,2026-08-27,15
789,12CU6,17,,1,RCA,,12CU6,,ASJ,,,2026-08-27,12
790,17DQ6,17,,1,Westingh,,17DQ6,,ASJ,,TAP NO TOP,2026-08-27,
791,17DQ6B,17,,2,GE,,,,J. Maciel,,,2026-08-27,
792,1VOU1V,17,,1,,,1-V,,ASJ,,Cx de origem,2026-08-27,
793,24124,17,,2,ARCTURUS usada,,,,J. Maciel,,vidro azul,2026-08-27,
794,25A6,17,,1,ALTRON,,25A6,,ASJ,OK CT160,,2026-08-27,2/2.35 a 33mA
795,25G6G,17,,1,GE,,25G6G,,,,,2026-08-27,
796,27127,17,,1,ARCTURUS usada,,,,J. Maciel,,vidro azul,2026-08-27,
797,2X2,17,,1,RCA,,2X2,,ASJ,,,2026-08-27,
798,2X2,17,,1,Nac. Union,,2X2,,ASJ,,,2026-08-27,
799,35FN5PL300,17,,1,,,35FN5,,ASJ,,,2026-08-27,
800,35Z5,17,,1,,,35Z5,,ASJ,,,2026-08-27,
801,5Y3,17,,1,,,5Y3,,ASJ,,,2026-08-27,
802,5Y3GT,17,,1,HALTRON,,,,J. Maciel,,,2026-08-27,
803,5Y3GT,17,,1,,,,,J. Maciel,,,2026-08-27,
804,6A7,17,,1,ULTRON,,6A7,,ASJ,,CX DE ORIG,2026-08-27,
805,6A7,17,,1,,,,,J. Maciel,,,2026-08-27,
806,6AD7,17,,1,,,6AD7,,ASJ,OKCT160,,2026-08-27,
807,6BQ6,17,,1,Westinghouse,,6BQ6,,ASJ,,,2026-08-27,
808,6C6,17,,2,,,6C6,,ASJ,,,2026-08-27,
809,6DQ6,17,,1,,,6DQ6,,ASJ,,,2026-08-27,
810,6F8,17,,1,,,6F8,,ASJ,,,2026-08-27,
811,6K7,17,,1,JAN,,6K7,,ASJ,,,2026-08-27,
812,6L5,17,,1,BRIMAR,,6L5,,ASJ,,,2026-08-27,
813,6L5G,17,,1,,,6L5G,,ASJ,,,2026-08-27,
814,6L6,17,,2,,,6L6?,,,,s/pin,2026-08-27,
815,6QB7,17,,1,RCA,,6QB7,,ASJ,,TOP TAP,2026-08-27,
816,6SH7,17,,2,,,6SH7,,ASJ,,,2026-08-27,
817,6SH7GT,17,,1,,,6SH7GT,,ASJ,,,2026-08-27,
818,6SJ7,17,,2,,,6SJ7,,ASJ,,,2026-08-27,
819,6SN7GTB,17,,1,RICO,,6SN7GTB,,ASJ,,,2026-08-27,
820,6SQ7,17,,1,,,6SQ7,,ASJ,,,2026-08-27,
821,7B6,17,,1,,,7B6,,ASJ,,,2026-08-27,
822,7H7,17,,1,,,7H7,,ASJ,,,2026-08-27,
823,AZ31,17,,1,,,AZ31,,ASJ,,,2026-08-27,
824,EL34,17,,1,,,EL34,,ASJ,,,2026-08-27,
825,EL34,17,,1,,,EL34?,,,,,2026-08-27,
826,UBL21,17,,1,SATOR,,UBL21,,ASJ,,,2026-08-27,
827,12DQ6,16,,2,,,12DQ6,,FL,,,2026-08-27,
828,12DQ7,16,,1,,,12DQ7,,FL,,,2026-08-27,
829,6BQ6,16,,1,,,6BQ6,,ASJ,,,2026-08-27,
830,6DQ6A,16,,1,,,6DQ6A,,FL,,,2026-08-27,
831,6DQ6B,16,,1,,,6DQ6B,,FL,,,2026-08-27,
832,6Q7,16,,1,,,6Q7,,FL,,,2026-08-27,
833,6SJ7,16,,1,,,6SJ7,,FL,,,2026-08-27,
834,6V66X5,16,,1,,,6V66X5,,FL,,,2026-08-27,
835,ORP90,16,,1,,,ORP90,,FL,Screen-grid Tetrode RF/IF-Stage,,2026-08-27,
836,UCC85,16,,1,,,UCC85,,FL,,,2026-08-27,
837,UCH42,16,,10,,,,,FL,,,2026-08-27,
838,UCH81,16,,8,,,,,FL,,,2026-08-27,
839,UCL82,16,,8,,,UCL82,,FL,,,2026-08-27,
840,UF41,16,,9,,,UF41,,FL,,,2026-08-27,
841,UF85,16,,4,,,UF85,,FL,,,2026-08-27,
842,UF89,16,,6,,,UF89,,FL,,,2026-08-27,
843,UL41,16,,8,,,UL41,,FL,,,2026-08-27,
844,UL84,16,,5,,,UL84,,FL,,,2026-08-27,
845,UY41,16,,8,,,UY41,,FL,,,2026-08-27,
846,UY42,16,,4,,,UY42,,FL,,,2026-08-27,
847,UY85,16,,5,,,UY85,,FL,,,2026-08-27,
848,UY89,16,,10,,,UY89,,FL,,,2026-08-27,
849,117Z6GT,15,,1,,,117Z6GT,,FL,,,2026-08-27,
850,12ASGT,15,,1,,,12ASGT,,FL,,,2026-08-27,NADA
851,12C8,15,,2,,,12C8,,FL,,,2026-08-27,
852,12SC7,15,,1,,,12SC7,,FL,,,2026-08-27,
853,12SG7,15,,1,,,,,J. Maciel,,,2026-08-27,
854,17JZ8,15,,1,,,,,FL,,,2026-08-27,
855,19AU4GTA,15,,1,,,19AU4GTA,,FL,,,2026-08-27,
856,25L5GT,15,,1,,,25L5GT,,FL,,,2026-08-27,NADA
857,35W4,15,,1,,,35W4,,FL,,,2026-08-27,
858,50L6,15,,2,,,50L6,,ASJ,,,2026-08-27,
859,50L6,15,,1,PHILIPS,,50L6,,FL,,,2026-08-27,
860,50L6,15,,5,,,50L6,,FL,,,2026-08-27,
861,50L6GT,15,,4,,,50L6GT,,FL,,,2026-08-27,
862,50L6GT,15,,1,,,,,J. Maciel,,,2026-08-27,
863,5U4,15,,1,,,5U4,,FL,,,2026-08-27,
864,5U4G,15,,1,,,,,J. Maciel,,,2026-08-27,
865,5Y3,15,,1,,,5Y3,,FL,,,2026-08-27,
866,6A7,15,,1,,,6A7,,FL,,,2026-08-27,
867,6B7,15,,1,,,6B7,,FL,,,2026-08-27,
868,6DQ6B,15,,1,,,6DQ6B,,FL,,,2026-08-27,
869,6J5,15,,1,,,6J5,,FL,,,2026-08-27,
870,6JZ8,15,,2,,,6JZ8,,FL,,,2026-08-27,
871,6K7,15,,1,,,6K7,,FL,,,2026-08-27,
872,6K8,15,,1,,,6K8,,FL,,,2026-08-27,
873,6Q7G,15,,1,,,6Q7G,,FL,,,2026-08-27,
874,6Q7G,15,,1,,,,,J. Maciel,,,2026-08-27,
875,6SK7WA,15,,1,,,6SK7WA,,FL,,,2026-08-27,
876,6SN7,15,,2,,,6SN7,,FL,,,2026-08-27,
877,6SN7GTB,15,,1,,,6SN7GTB,,FL,,,2026-08-27,
878,6X4,15,,1,,,6X4,,FL,,,2026-08-27,
879,6X5,15,,1,,,6X5,,FL,,,2026-08-27,
880,6X5GT,15,,1,,,6X5GT,,FL,,,2026-08-27,
881,10LD11,14,,1,,,10LD11,,ASJ,,,2026-08-27,
882,10P13,14,,1,,,,,ELTBON,,,2026-08-27,
883,10P14,14,,1,,,10P14,,FL,,,2026-08-27,
884,10P14,14,,1,,,10P14,35L6,ASJ,,,2026-08-27,
885,12BQ6,14,,2,,,12BQ6,,FL,,,2026-08-27,FOTO
886,12BQ612CU6,14,,1,,,,,ELTBON,,,2026-08-27,
887,12BQ6OU12DQ6,14,,1,ULTRON,,12BQ6? ou 12DQ6?,,FL,,,2026-08-27,
888,12BQ6GTB,14,,1,RCA,,12BQ6GTB,,,,,2026-08-27,
889,12SA7,14,,7,,,12SA7,,FL,,,2026-08-27,
890,12SA7,14,,1,,,12SA7,,ASJ,,,2026-08-27,
891,14S7,14,,1,,,14S7,,FL,,,2026-08-27,
892,14S7,14,,1,,,,,ASJ,,,2026-08-27,
893,1LB4,14,,1,,,1LB4,,,,,2026-08-27,
894,1LD5,14,,1,,,1LD5,,ASJ,,,2026-08-27,
895,1LH4,14,,1,,,1LH4,,ASJ,,,2026-08-27,
896,32L7,14,,1,,,32L7,,ASJ,,,2026-08-27,
897,50A5,14,,1,,,50A5,,ASJ,,,2026-08-27,
898,5Z4,14,,1,,,5Z4,,ASJ,,,2026-08-27,
899,6A8,14,,1,,,6A8,,ASJ,,,2026-08-27,
900,6K7,14,,1,,,6K7,,ASJ,,,2026-08-27,
901,6SF7,14,,1,,,6SF7,,ASJ,,,2026-08-27,
902,6SG7,14,,1,,,,,ELTBON,,,2026-08-27,
903,6SG7,14,,2,,,,,J. Maciel,,,2026-08-27,
904,6SG7GT,14,,1,,,6SG7GT,,ASJ,,,2026-08-27,
905,6SH7,14,,1,,,6SH7,,ASJ,,,2026-08-27,
906,6SJ7,14,,1,,,6SJ7,,ASJ,,,2026-08-27,
907,6SQ7,14,,2,,,6SQ7,,ASJ,,,2026-08-27,
908,6SS7,14,,1,,,6SS7,,ASJ,,,2026-08-27,
909,6V6,14,,1,DELCO,weak,6V6,,FL,,,2026-08-27,
910,6V6,14,,1,,,6V6,,FL,,Padrão para o TV2,2026-08-27,
911,6V6,14,,2,,,6V6,,ASJ,,,2026-08-27,
912,6V6VT107A,14,,1,,,,,J. Maciel,,,2026-08-27,
913,7B5,14,,1,,,7B5,,,,,2026-08-27,
914,7B8,14,,1,,,7B8,,ASJ,,,2026-08-27,
915,EAF42,14,,1,,,EAF42,,ASJ,,,2026-08-27,
916,V404,14,,1,,,V404,,ASJ,,,2026-08-27,
917,12AT6,13,,1,,,12AT6,,FL,,,2026-08-27,
918,12K7GT,13,,1,,,12K7GT,,FL,,,2026-08-27,
919,12K8,13,,1,,,,,FL,,,2026-08-27,
920,17JZ8,13,,1,,,,,FL,,,2026-08-27,
921,1N5GT,13,,2,,,1N5GT,,FL,,,2026-08-27,
922,25A7,13,,1,,,25A7,,FL,,,2026-08-27,
923,25L6,13,,2,,,25L6,,FL,,,2026-08-27,
924,25L6GT,13,,2,,,25L6GT,,FL,,,2026-08-27,
925,25Z5,13,,3,,,25Z5,,FL,,,2026-08-27,
926,25Z6GT,13,,1,,,25Z6GT,,FL,,,2026-08-27,
927,35L6,13,,1,,,35L6,,FL,,,2026-08-27,
928,35L6,13,,1,,,35L6,,ASJ,,,2026-08-27,
929,35L6,13,,1,,,,,J. Maciel,,,2026-08-27,
930,35L6GT,13,,1,,,35L6GT,,FL,,,2026-08-27,
931,35Z5,13,,1,,,35Z5,,FL,,,2026-08-27,
932,35Z5GT,13,,1,,,35Z5GT,,FL,,,2026-08-27,
933,3Q5GT,13,,1,,,3Q5GT,DL33,FL,,,2026-08-27,
934,50A5,13,,1,,,50A5,,FL,,,2026-08-27,
935,6A7,13,,1,,,6A7,,FL,,,2026-08-27,
936,6AX4,13,,3,,,6AX4,,FL,,,2026-08-27,
937,6AX4,13,,1,,,6AX4,,ASJ,,,2026-08-27,
938,6AX4GT,13,,1,RAYTHEON,,6AX4GT,,FL,,,2026-08-27,
939,6AX4GT,13,,2,,,6AX4GT,,FL,,,2026-08-27,
940,6F7,13,,1,,,6F7,,FL,,,2026-08-27,
941,6F7,13,,1,GE,,,,J. Maciel,,,2026-08-27,
942,6K7,13,,3,,,6K7,,FL,,,2026-08-27,
943,6K8G,13,,1,,,6K8G,,FL,,,2026-08-27,
944,6P26,13,,2,ZAERIX,,,,J. Maciel,,,2026-08-27,
945,6Q7,13,,1,,,6Q7,,FL,,,2026-08-27,
946,6SA7,13,,1,,,6SA7,,FL,,,2026-08-27,
947,6SS7GT,13,,1,,,6SS7GT,,FL,,,2026-08-27,
948,6X5,13,,2,,,6X5,,FL,,,2026-08-27,
949,7A7,13,,3,,,7A7,,FL,,,2026-08-27,
950,7B7E,13,,1,,,7B7E,,FL,,,2026-08-27,
951,7B8,13,,2,,,7B8,,FL,,,2026-08-27,
952,7C5,13,,2,,,7C5,,FL,,,2026-08-27,
953,7Z4,13,,1,,,7Z4,,FL,,,2026-08-27,
954,CV2453,13,,1,,,,,J. Maciel,,,2026-08-27,
955,CV483,13,,2,,,,,J. Maciel,,,2026-08-27,
956,0A2,12,,1,,,0A2,,FL,,,2026-08-27,
957,0A2,12,,1,,,0A2,,ASJ,,,2026-08-27,
958,12SQ7VT104,12,,1,,,12SQ7-VT104,,ASJ,,,2026-08-27,1
959,1X2B,12,,2,,,1X2B,,FL,,,2026-08-27,
960,2CY5,12,,1,,,2CY5,,FL,Screen-grid Tetrode,,2026-08-27,
961,3A5,12,,1,,,3A5,,FL,,,2026-08-27,
962,3AU6,12,,2,,,3AU6,,FL,,,2026-08-27,
963,3BZ6,12,,1,,,3BZ6,,FL,,,2026-08-27,
964,3CB6,12,,4,,,3CB6,,FL,,,2026-08-27,
965,4BQ7A,12,,2,,,4BQ7A,,FL,,,2026-08-27,
966,4JD6,12,,1,,,4JD6,,FL,,,2026-08-27,
967,5CL8,12,,1,,,5CL8,,FL,,,2026-08-27,
968,5X8,12,,1,,,5X8,,FL,,,2026-08-27,
969,694,12,,1,,,694?!,,FL,,,2026-08-27,
970,6AK5,12,,1,,,6AK5,,ASJ,,,2026-08-27,
971,6AK65654,12,,1,,,6AK6-5654,,FL,,,2026-08-27,
972,6AM8,12,,1,,,6AM8,,FL,,,2026-08-27,
973,6AM8A,12,,1,,,6AM8A,,FL,,,2026-08-27,
974,6AN8,12,,1,,,6AN8,,ASJ,,,2026-08-27,
975,6AN8,12,,1,,,6AN8,,FL,,,2026-08-27,
976,6AQ5,12,,3,,,6AQ5,,FL,,,2026-08-27,
977,6AS5,12,,1,,,6AS5,,FL,,,2026-08-27,
978,6AT8,12,,1,,,6AT8,,FL,,,2026-08-27,
979,6AU6,12,,1,,,6AU6,,ASJ,,,2026-08-27,
980,6AU6,12,,4,,,6AU6,,FL,,,2026-08-27,
981,6AU6A,12,,1,,,6AU6A,,FL,,,2026-08-27,
982,6AU8,12,,1,,,6AU8,,FL,,,2026-08-27,
983,6AV6,12,,1,,,6AV6,,FL,,,2026-08-27,
984,6AV6,12,,1,,,,,ELTBON,,,2026-08-27,
985,6AW6,12,,1,,,6AW6,,FL,,,2026-08-27,
986,6AW8A,12,,1,,,6AW8A,,FL,,,2026-08-27,
987,6BA6,12,,3,,,6BA6,,FL,,,2026-08-27,
988,6BA6W,12,,1,,,6BA6W,,FL,,,2026-08-27,
989,6BH8,12,,1,,,6BH8,,FL,,,2026-08-27,
990,6BK7,12,,2,,,6BK7,,FL,,,2026-08-27,
991,6BN8,12,,1,,,6BN8,,FL,,,2026-08-27,
992,6BNQ5,12,,1,,,6BNQ5,,FL,,,2026-08-27,
993,6BU8,12,,1,,,6BU8,,FL,,,2026-08-27,
994,6BY6,12,,1,,,6BY6,,FL,,,2026-08-27,
995,6BZ6,12,,1,,,6BZ6,,FL,,,2026-08-27,
996,6C4,12,,1,,,6C4,,FL,,,2026-08-27,
997,6CB6,12,,5,,,6CB6,,FL,,,2026-08-27,
998,6CF6,12,,1,,,6CF6,,FL,,,2026-08-27,
999,6CG7,12,,8,,,6CG7,,FL,,,2026-08-27,
1000,6CH8,12,,2,,,6CH8,,FL,,,2026-08-27,
1001,6CL6,12,,1,,,6CL6,,FL,,,2026-08-27,
1002,6CM7,12,,1,,,6CM7,,FL,,,2026-08-27,
1003,6CU5,12,,1,,,6CU5,,FL,,,2026-08-27,
1004,6CX8,12,,1,,,6CX8,,FL,,,2026-08-27,
1005,6CY5,12,,1,,,6CY5,,FL,,,2026-08-27,
1006,6DE6,12,,1,,,6DE6,,FL,,,2026-08-27,
1007,6DR7,12,,1,,,6DR7,,FL,,,2026-08-27,
1008,6DT6,12,,2,,,6DT6,,FL,,,2026-08-27,
1009,6EB8,12,,1,,,6EB8,,FL,,,2026-08-27,
1010,6EH8,12,,1,,,6EH8,,FL,,,2026-08-27,
1011,6FQ76CG7,12,,1,,,6FQ7/6CG7,,FL,,,2026-08-27,
1012,6GS6,12,,1,,,6GS6,,FL,,,2026-08-27,
1013,6KR8,12,,1,,,6KR8,,FL,,,2026-08-27,
1014,6P2,12,,2,,,6P2,,FL,,,2026-08-27,
1015,6P4,12,,2,,,6P4,,FL,,,2026-08-27,
1016,6QA5,12,,1,,,6QA5,,FL,,,2026-08-27,
1017,6T8,12,,1,,,6T8,,FL,,,2026-08-27,
1018,6TD34,12,,3,,,6TD34,,FL,,,2026-08-27,
1019,6X4,12,,3,,,6X4,,FL,,,2026-08-27,
1020,6X8,12,,3,,,6X8,,FL,,,2026-08-27,
1021,77127,12,,1,PHILIPS,,77 -127,,FL,,"(264-1,4)+(214-5,8)ohm-pin",2026-08-27,
1022,8BE6,12,,1,,,8BE6,,FL,,,2026-08-27,
1023,DL351C5,12,,1,MULLARD,,DL35-1C5,,FL,,,2026-08-27,
1024,ECH21,12,,1,PHILIPS,,ECH21,,FL,,,2026-08-27,
1025,NSS18OUNSS180,12,,1,,,NSS18 OUNSS180,,FL,,borne de aperto no topo 50 x 130 x mm,2026-08-27,
1026,PL36,12,,1,,,PL36,,FL,,s/Cx,2026-08-27,
1027,XX,12,,1,PHILIPS,,?,,FL,,TAP NO TOPO,2026-08-27,
1028,ECH81,11,,1,,,ECH81,,FL,,,2026-08-27,
1029,ECH84,11,,31,,,ECH84,,FL,,X46 2 s/Cx,2026-08-27,
1030,ECL80,11,,15,,,ECL80,,FL,,x16,2026-08-27,
1031,ECL82,11,,6,,,ECL82,,FL,,,2026-08-27,
1032,ECL83,11,,1,,,ECL83,,FL,,,2026-08-27,
1033,ECL84,11,,1,,,ECL84,,FL,,,2026-08-27,
1034,ECL85,11,,1,,,ECL85,,FL,,,2026-08-27,
1035,ECL86,11,,1,,,ECL86,,FL,,,2026-08-27,
1036,EF183,11,,1,,,EF183,,FL,,,2026-08-27,
1037,EF184,11,,2,,,EF184,,FL,,,2026-08-27,
1038,EF41,11,,3,,,EF41,,FL,,,2026-08-27,
1039,EF80,11,,3,,,EF80,,FL,,,2026-08-27,
1040,EF8010,11,,1,,,EF8010,,FL,,,2026-08-27,
1041,EF83,11,,1,,,EF83,,FL,,,2026-08-27,
1042,EF86,11,,1,,,EF86,,FL,,,2026-08-27,
1043,EF89,11,,7,,,EF89,,FL,,,2026-08-27,
1044,EF92,11,,1,,,EF92,,FL,,,2026-08-27,
1045,EF93,11,,2,,,EF93,,FL,,,2026-08-27,
1046,EF94,11,,1,,,EF94,,FL,,,2026-08-27,
1047,EH90,11,,8,,,EH90,,FL,,,2026-08-27,
1048,EL180,11,,1,,,EL180,,FL,,,2026-08-27,
1049,EL183,11,,5,,,EL183,,FL,,,2026-08-27,
1050,EL41,11,,1,,,EL41,,OPEL,OK,,2026-08-27,Outra em CASA
1051,EL41,11,,3,,,EL41,,FL,OK,,2026-08-27,
1052,EL42,11,,1,,,EL42,,FL,,,2026-08-27,
1053,EL42,11,,1,,,EL42,,,,2 novas OK por 5€cada Sr Helder ebay Radiolux,2026-08-27,
1054,EL84,11,,7,,,EL84,,FL,,,2026-08-27,
1055,EL86,11,,1,,,EL86,,FL,,,2026-08-27,
1056,EL90,11,,1,,,EL90,,FL,,,2026-08-27,
1057,EL95,11,,1,,,EL95,,FL,,,2026-08-27,
1058,ELL80,11,,2,,,ELL80,,FL,,Testada OK apesar de menção OFF na Cx.,2026-08-27,
1059,EY80,11,,1,,,EY80,,FL,,,2026-08-27,
1060,EY86,11,,8,,,EY86,,FL,,,2026-08-27,
1061,EY876S2A,11,,2,,,EY87,,FL,,,2026-08-27,
1062,EY88,11,,2,,,EY88,,FL,,,2026-08-27,
1063,EZ80,11,,6,,,EZ80,,FL,,,2026-08-27,
1064,EZ90,11,,2,,,EZ90,,FL,,,2026-08-27,
1065,GZ41,11,,1,,,GZ41,,FL,,,2026-08-27,
1066,LCL8211BM8,11,,1,,,LCL82-11BM8,,FL,,,2026-08-27,
1067,LF1834EH7,11,,1,,,,,FL,,,2026-08-27,
1068,LF1844EJ7,11,,1,,,LF184-4EJ7,,FL,,,2026-08-27,
1069,117L7,10,,1,,,117L7,,FL,,,2026-08-27,FOTO
1070,12AV5,10,,1,,,12AV5,,FL,,,2026-08-27,FOTO
1071,12AX4,10,,2,,,12AX4,,FL,,,2026-08-27,
1072,25Z5,10,,1,,,25Z5,,FL,,,2026-08-27,
1073,25Z6,10,,1,,,25Z6,,FL,,,2026-08-27,
1074,33GY,10,,1,,,33GY????,,FL,,,2026-08-27,
1075,35FN5,10,J,2,,,35FN5,,FL,,,2026-08-27,
1076,35L6,10,,2,,,35L6,,FL,,,2026-08-27,
1077,6A7,10,,1,RCA,,6A7,,FL,,,2026-08-27,
1078,6AC7W,10,,1,,,6AC7W,,FL,,,2026-08-27,
1079,6AE5,10,,1,TUNG-SOL usa,,6AE5,,FL,,Base colada,2026-08-27,
1080,6AU4,10,,1,,,6AU4,,FL,,,2026-08-27,
1081,6BE3,10,,1,,,6BE3,,FL,,,2026-08-27,
1082,6BL7,10,,1,,,6BL7,,FL,,,2026-08-27,
1083,6BQ6,10,,1,,,6BQ6,,FL,,,2026-08-27,
1084,6C5,10,,1,,,6C5,,FL,,,2026-08-27,
1085,6C6,10,,1,,,6C6,,FL,,,2026-08-27,
1086,6CU6,10,,1,,,6CU6,,FL,,,2026-08-27,
1087,6DN7,10,,1,,,6DN7,,FL,,,2026-08-27,
1088,6DQ,10,,1,,,6DQ,,FL,,,2026-08-27,
1089,6E5GT,10,,1,,,6E5GT,,FL,,,2026-08-27,
1090,6F5,10,,1,,,6F5,,FL,,,2026-08-27,
1091,6F6,10,,1,,,6F6,,FL,,,2026-08-27,
1092,6K7G,10,,1,,,6K7G,,FL,,,2026-08-27,
1093,6L7,10,,2,,,6L7,,FL,,,2026-08-27,
1094,6SJ7,10,,1,,,6SJ7,,FL,,,2026-08-27,
1095,6SK7,10,,1,,,6SK7,,FL,,,2026-08-27,
1096,6SK7,10,,4,,,,,J. Maciel,,,2026-08-27,
1097,6SL7,10,,1,,,6SL7,,FL,,,2026-08-27,
1098,6SN7,10,,1,,,6SN7,,FL,,,2026-08-27,
1099,6U56G5,10,,1,,,6U5-6G5,,FL,,,2026-08-27,
1100,6X5,10,,1,,,6F6,,FL,,,2026-08-27,
1101,7A4,10,,1,,,7A4,,FL,,,2026-08-27,
1102,7A7,10,,1,,,7A7,,FL,,,2026-08-27,
1103,7B7,10,,1,,,7B7,,FL,,,2026-08-27,
1104,7C5,10,,2,,,7C5,,FL,,,2026-08-27,
1105,7Y4,10,,1,,,7Y4,,FL,,,2026-08-27,
1106,37,9,,1,RCA,,,,FL,,,2026-08-27,
1107,73,9,,1,,,73,,FL,,,2026-08-27,
1108,75,9,,2,,,75,,FL,0.3,,2026-08-27,
1109,75,9,,1,RCA,,75,,FL,,,2026-08-27,
1110,75,9,,1,KENRAD USA,,75,,FL,,,2026-08-27,
1111,75,9,,1,,,,,ELTBON,,,2026-08-27,
1112,76,9,A,1,PHILIPS,,,,FL,,,2026-08-27,
1113,76,9,G,1,CHAMPION,,,,FL,,,2026-08-27,
1114,76,9,G,3,RCA,,Radio RCA 262 Fiesta,,FL,,,2026-08-27,
1115,76,9,G,1,CRC76,,5€ 10/09,,FL,,,2026-08-27,
1116,78,9,,1,NATIONAL UNION USA,,78,,FL,,,2026-08-27,
1117,1B3GT,9,,1,HALTRON,,1B3GT,,FL,,,2026-08-27,
1118,1B3GT,9,,1,,,1B3GT,,FL,,,2026-08-27,
1119,1D6,9,,7,BRIMAR,,1D6,,FL,,Cx original,2026-08-27,
1120,1F6,9,,1,,,1F6,,FL,,,2026-08-27,
1121,1G3,9,,1,RCA,,1G3,,FL,,,2026-08-27,
1122,1G3,9,,1,GE,weak,1G3,,FL,,,2026-08-27,
1123,PL500,9,,2,TELEFUNKEN,,PL500,,FL,,s/Cx,2026-08-27,
1124,PL500,9,,1,,,PL500,,FL,,s/Cx,2026-08-27,
1125,PL504,9,,1,MULLARD,,PL504,,FL,,,2026-08-27,
1126,TH233,9,,1,BVA - EDISWAN,,TH233,,FL,,TAP NO TOPO Vf 23 Volts / If: 0.2 Ampere,2026-08-27,
1127,TP25,9,,1,MAZDA,,Cx original Vf 2 Volts / If: 0.2 Ampere,,FL,,,2026-08-27,Foto
1128,UCL11,9,,1,,,,,FL,,,2026-08-27,
1129,VG410,9,,1,SATOR,,VG410,,FL,,,2026-08-27,
1130,VP23,9,,1,EDISWAN,,VP23,,FL,,Cx original,2026-08-27,
1131,VP41,9,,1,EDISWAN,,VP41,,FL,,Cx original,2026-08-27,
1132,Y3GT,9,,1,MULLARD,,,,FL,,,2026-08-27,
1133,12AX4,8,,1,,,12AX4,,ASJ,,,2026-08-27,FOTO
1134,35L6,8,,1,CALVERTRON,,35L6,,ASJ,+- CT160,,2026-08-27,
1135,35Z5,8,,2,,,35Z5,,ASJ,0.45,Suporte partido,2026-08-27,
1136,5AZ4,8,,1,,,5AZ4,,ASJ,,,2026-08-27,
1137,6AB71853,8,,2,,,6AB7-1853,,ASJ,,,2026-08-27,
1138,6BQ6,8,,2,,,6BQ6,,ASJ,,,2026-08-27,
1139,6H6,8,,1,,,6H6,,ASJ,,,2026-08-27,
1140,6J5G,8,,1,Z,,6J5G,,ASJ,,,2026-08-27,
1141,6K7,8,,1,,,6K7,,ASJ,,,2026-08-27,
1142,6N7,8,,1,,,6N7,,ASJ,,,2026-08-27,
1143,6SA7,8,,1,,,6SA7,,ASJ,,,2026-08-27,
1144,6SQ7,8,,1,,,6SQ7,,ASJ,,,2026-08-27,
1145,6SS7,8,,1,,,6SS7,,ASJ,OK CT160,,2026-08-27,
1146,7B8,8,,1,,,7B8,,ASJ,,,2026-08-27,
1147,CV422,8,,1,,,CV422,,ASJ,,,2026-08-27,
1148,EBL21,8,,1,,,EBL21,,ASJ,,,2026-08-27,
1149,UBL21,8,,1,ULTRAN,,UBL21,,ASJ,,,2026-08-27,
1150,UCH21,8,,1,,,UCH21,,ASJ,,,2026-08-27,
1151,UY1,8,,1,,,UY1,,ASJ,,Half-Wave Rectifier vácuo da fonte de alimentação,2026-08-27,
1152,UY1N,8,,1,,,UY1N,,ASJ,,,2026-08-27,
1153,5642,7,,2,,,,,K Lino,,,2026-08-27,
1154,117Z3,7,,4,,,117Z3,,FL,,,2026-08-27,FOTO
1155,117Z3,7,,2,,,,,ELTBON,,,2026-08-27,
1156,12AS7,7,,1,,,12AS7,,FL,,metálicas s/ Cx,2026-08-27,NADA
1157,12AT6,7,,1,,,12AT6,,Ebay,,,2026-08-27,
1158,12AT6,7,,1,,,12AT6,,ASJ,,,2026-08-27,
1159,12AT6,7,,2,,,12AT6,,FL,,,2026-08-27,
1160,12AV6,7,,1,,,12AV6,,FL,,,2026-08-27,
1161,12BA6,7,,5,,,12BA6,,FL,,,2026-08-27,
1162,12BA6,7,,1,,,,,ELTBON,,,2026-08-27,
1163,12BE6,7,,1,,,12BE6,,FL,,,2026-08-27,
1164,5T8,7,,1,,,5T8,,FL,,,2026-08-27,
1165,5U8,7,,2,,,5U8,,FL,,,2026-08-27,
1166,5X8,7,,1,,,5X8,,ASJ,,,2026-08-27,
1167,6J5,7,,1,,,6J5,,FL,,metálicas s/ Cx,2026-08-27,
1168,6Q7,7,,1,,,6Q7,,FL,,metálicas s/ Cx,2026-08-27,
1169,6SQ7,7,,2,,,6SQ7,,FL,,metálicas s/ Cx,2026-08-27,
1170,8P4,7,,1,,,8P4,,FL,,,2026-08-27,
1171,9TP4,7,,2,,,9TP4,,FL,,,2026-08-27,
1172,DY802,7,,1,,,DY802,,FL,,,2026-08-27,
1173,6AJ8ECH81,6,,1,,,6AJ8-ECH81,,ASJ00,,s/Cx,2026-08-27,
1174,6AL5,6,,2,,,6AL5,,ASJ00,,,2026-08-27,
1175,6AL5,6,,1,,,6AL5,,FL,,,2026-08-27,
1176,6AL5,6,,3,,,6AL5,,K Lino,,,2026-08-27,
1177,6BACEF93,6,,1,,,6BAC-EF93,,ASJ00,,s/Cx,2026-08-27,
1178,6BM5,6,,2,,,6BM5,,ASJ00,,s/Cx,2026-08-27,
1179,EBC41,6,,1,,,EBC41,,ASJ00,,,2026-08-27,
1180,EBF80,6,,1,,,EBF80,,ASJ00,,,2026-08-27,
1181,ECF80,6,,1,,,ECF80,,ASJ00,,,2026-08-27,
1182,ECH42,6,,1,,,ECH42,,ASJ00,,,2026-08-27,
1183,ECL805,6,,1,,,ECL805,,ASJ00,,,2026-08-27,
1184,ECL81,6,,1,,,,,J. Maciel,,,2026-08-27,
1185,EF183,6,,2,,,EF183?,,ASJ00,,,2026-08-27,
1186,EF184,6,,2,,,EF184,,ASJ00,,,2026-08-27,
1187,EF184,6,,1,PHILIPS,,,,J. Maciel,,,2026-08-27,
1188,EF41,6,,1,,,,,J. Maciel,,,2026-08-27,
1189,EF42,6,,1,,,EF42,,ASJ00,,,2026-08-27,
1190,EF80,6,,4,,,EF80,,ASJ00,,,2026-08-27,
1191,EL183,6,,1,,,EL183,,ASJ00,,,2026-08-27,
1192,EL83,6,,2,,,EL83,,ASJ00,,s/Cx,2026-08-27,
1193,EY81,6,,1,,,EY81,,ASJ00,,,2026-08-27,
1194,EY86,6,,2,,,EY86,,ASJ00,,s/Cx,2026-08-27,
1195,EY86CV29666S26AX2N,6,,1,,,EY86,,ASJ00,,,2026-08-27,
1196,PC86,6,,1,,,PC86,,ASJ00,,,2026-08-27,
1197,PCL41,6,,1,,,PCL41!!?,,ASJ00,,,2026-08-27,
1198,PCL82,6,,1,,,PCL82,,ASJ00,,,2026-08-27,
1199,12AT7,5,,1,,,12AT7,,ASJ,,,2026-08-27,
1200,12AV6,5,,1,,,12AV6,,ASJ,,s/Cx,2026-08-27,
1201,1L6,5,,4,,,1L6,,ASJ,,,2026-08-27,
1202,1R5,5,,1,,,1R5,,ASJ,,s/Cx,2026-08-27,
1203,1S5,5,,1,,,1S5,,ASJ,,s/Cx,2026-08-27,
1204,26C6,5,,1,,,26C6,,ASJ,,,2026-08-27,FOTO
1205,35C5,5,,1,,,35C5,,ASJ,,,2026-08-27,
1206,35QL6,5,,1,,,35QL6,,ASJ,,,2026-08-27,Fuga de S a frio
1207,3BU8,5,,1,,,3BU8,,ASJ,,,2026-08-27,
1208,4BQ7,5,,1,,,4BQ7,,ASJ,,,2026-08-27,
1209,6CM7,5,,1,,,6CM7,,ASJ,,,2026-08-27,
1210,6J6,5,,1,,,6J6,,ASJ,,,2026-08-27,
1211,8DW7,5,,1,,,8DW7,,ASJ,,,2026-08-27,
1212,EABC806AK5,5,,1,,,EABC80-6AK5,,ASJ,,,2026-08-27,
1213,EBF80,5,,2,,,EBF80,,ASJ,,s/Cx,2026-08-27,
1214,ECC81,5,,1,,,ECC81,,ASJ,,s/Cx,2026-08-27,
1215,ECC82,5,,2,,,ECC82,,ASJ,,,2026-08-27,
1216,ECC83,5,,2,,,ECC83,,FL,,,2026-08-27,
1217,ECH81,5,,6,,,ECH81,,ASJ,,s/Cx,2026-08-27,
1218,ECL826BM8,5,,1,,,ECL82-6BM8,,ASJ,,,2026-08-27,
1219,EF80,5,,1,,,EF80,,ASJ,,,2026-08-27,
1220,EF89,5,,1,,,EF89,,ASJ,,,2026-08-27,
1221,EF92CV131,5,,1,,,EF92-CV131,,ASJ,,,2026-08-27,
1222,EL84,5,,2,,,EL84,,ASJ,,,2026-08-27,
1223,EZ80,5,,2,,,EZ80,,ASJ,,,2026-08-27,
1224,UBF80,5,,1,,,UBF80,,ASJ,,,2026-08-27,
1225,UCH81,5,,1,,,s/Cx,,ASJ,,,2026-08-27,
1226,UCH81,5,,3,,,,,ASJ,,,2026-08-27,
1227,UCL81,5,,1,,,,,ASJ,,,2026-08-27,
1228,UCL82,5,,1,,,UCL82,,ASJ,,,2026-08-27,
1229,UL41,5,,2,,heater open,UL41,,ASJ,,s/Cx,2026-08-27,
1230,UY41,5,,2,,,UY41,,ASJ,,,2026-08-27,
1231,PCC189,4,,1,,,,,FL,,,2026-08-27,
1232,PCC85,4,,1,,NOS,,,RADIO Tiago Morin,,,2026-08-27,
1233,PCC88,4,,1,,,PCC88,,FL,,,2026-08-27,
1234,PCC89,4,,1,,,PCC89,,FL,,,2026-08-27,
1235,PCF200,4,,1,,,PCF200,,FL,,,2026-08-27,
1236,PCF80,4,,1,,,,,FL,,,2026-08-27,
1237,PCF802,4,,7,,,,,FL,,,2026-08-27,
1238,PCF86,4,,1,,,PCF86,,FL,,,2026-08-27,
1239,PCF86,4,,4,,,,,FL,,,2026-08-27,
1240,PCH200,4,,1,,,,,FL,,,2026-08-27,
1241,PCL805,4,,1,,,PCL805,,FL,,,2026-08-27,
1242,PCL82,4,,3,,,,,FL,,,2026-08-27,
1243,UBF89,4,,3,,,UBF89,,FL,,,2026-08-27,
1244,5763,3,,1,,,5763,,Ebay,,,2026-08-27,
1245,5879,3,,1,,,5879,,Ebay,,,2026-08-27,
1246,6211,3,,2,,,6211,,Ebay,,,2026-08-27,
1247,6829,3,,1,,,6829,,Ebay,,,2026-08-27,
1248,12AT7,3,,2,,,12AT7,,Ebay,,,2026-08-27,
1249,12AT7ECC81,3,,1,,,12AT7-ECC81,,Ebay,,,2026-08-27,
1250,12AT7WC,3,,2,,,12AT7WC,,Ebay,,,2026-08-27,
1251,12AU7A,3,,1,,,12AU7A,,Ebay,,Padrão para o TV2,2026-08-27,
1252,12AY7,3,,1,,,12AY7,,Ebay,,,2026-08-27,
1253,12BH7A,3,,2,,,12BH7A,,Ebay,,,2026-08-27,
1254,12BH7A,3,,1,,,12BH7A,,ASJ,,,2026-08-27,
1255,1U4,3,,8,,,1U4,,Ebay,,,2026-08-27,
1256,1U4,3,,1,,,1U4,,FL,,,2026-08-27,
1257,1U5,3,,1,,,1U5,,ASJ,,,2026-08-27,
1258,6AU7,3,,3,,,6AU7,,Ebay,,,2026-08-27,
1259,6BQ7A,3,,1,,,6BQ7A,,Ebay,,,2026-08-27,
1260,6FQ7,3,,1,,,6FQ7,,Ebay,,,2026-08-27,
1261,6FQ76CG7,3,,2,,,6FQ7/6CG7,,Ebay,,,2026-08-27,
1262,6GH8A,3,,3,,,6GH8A,,Ebay,,,2026-08-27,
1263,ECC85,3,,3,,,,,EBAY,TUNGSRAM OK,,2026-08-27,
1264,ECC85,3,,1,,,,,DIMOFEL,sovietica OK,,2026-08-27,
1265,ECC886DJ8,3,,1,,,ECC88-6DJ8,,,,,2026-08-27,
1266,EL84,3,,11,,,EL84,,FL,,,2026-08-27,
1267,EM87,3,,1,,,EM87,,GRUNDIG KS740,,,2026-08-27,
1268,EC92,2,,3,,,EC92,,,,,2026-08-27,
1269,ECC189,2,,1,,,ECC189,,,,,2026-08-27,
1270,ECC40,2,,2,,,ECC40,,,,,2026-08-27,
1271,ECC804,2,,2,,,ECC804,,,,,2026-08-27,
1272,ECC81,2,,6,,,ECC81,,,,,2026-08-27,
1273,ECC82,2,,4,,,ECC82,,,,,2026-08-27,
1274,ECC83,2,,3,,,ECC83,,,,,2026-08-27,
1275,ECC84,2,,2,,,ECC84,,,,,2026-08-27,
1276,ECC85,2,,2,,,ECC85,,,,,2026-08-27,
1277,ECC85180,2,,1,,,ECC85/180?,,,,,2026-08-27,
1278,ECC88,2,,2,,,ECC88,,,,,2026-08-27,
1279,ECF80,2,,4,,,ECF80,,,,,2026-08-27,
1280,ECF801,2,,1,,,ECF801,,,,,2026-08-27,
1281,ECF802,2,,2,,,ECF802,,,,,2026-08-27,
1282,ECF82,2,,1,,,ECF82,,,,,2026-08-27,
1283,ECH41,2,,1,,,ECH41,,,,,2026-08-27,
1284,ECH42,2,,4,,,ECH42,,,,,2026-08-27,
1285,ECH81,2,,19,,,ECH81,,,,,2026-08-27,
1286,ECH83,2,,15,,,ECH83,,,,,2026-08-27,
1287,ECH83,2,,1,,,ECH83,,FL,,,2026-08-27,
1288,LCL8410DX8,2,,1,,,,,FL,,,2026-08-27,
1289,DAF96,1,,1,,,DAF96,,,,,2026-08-27,
1290,DF91,1,,4,,,DF91,,,,,2026-08-27,
1291,DF96,1,,3,,,DF96,,,,,2026-08-27,
1292,DF97,1,,2,,,DF97,,,,,2026-08-27,
1293,DH776AT6,1,,1,,,DH77-6AT6,,,,,2026-08-27,
1294,DK90,1,,1,,,DK90,,,,,2026-08-27,
1295,DK96,1,,2,,,DK96,,,,,2026-08-27,
1296,DL90,1,,1,,,DL90,,,,,2026-08-27,
1297,DL94,1,,1,,,DL94,,,,,2026-08-27,
1298,DL96,1,,2,,,DL96,,,,,2026-08-27,
1299,DM71,1,,1,,,DM71,,,,,2026-08-27,
1300,DY,1,,1,,,DY??,,,,,2026-08-27,
1301,DY80,1,,1,,,DY80,,,,,2026-08-27,
1302,DY802,1,,3,,,DY802,,,,,2026-08-27,
1303,DY86,1,,1,,,DY86,,,,,2026-08-27,
1304,DY87,1,,1,,,DY87,,,,,2026-08-27,
1305,DY88,1,,1,,,DY88,,,,,2026-08-27,
1306,EAA91,1,,3,,,EAA91,,,,,2026-08-27,
1307,EAF41,1,,1,,,EAF41,,,,,2026-08-27,
1308,EAF42,1,,9,,,EAF42,,,,,2026-08-27,
1309,EAF42,1,,1,,,EAF42,,OPEL,,,2026-08-27,
1310,EAF801,1,,1,,,EAF801,,,,,2026-08-27,
1311,EB91EAA91,1,,1,,,EB91-EAA91,,,,,2026-08-27,
1312,EBC41,1,,6,,,EBC41,,,,,2026-08-27,
1313,EBC906AT6,1,,1,,,EBC90- 6AT6,,,,,2026-08-27,
1314,EBC91,1,,4,,,EBC91,,,,,2026-08-27,
1315,EBF80,1,,4,,,EBF80,,,,,2026-08-27,
1316,EBF89,1,,11,,,EBF89,,,,,2026-08-27,
1317,EC86,1,,1,,,EC86,,,,,2026-08-27,
1318,EC92,1,,11,,,EC92,,,,,2026-08-27,
1319,EC926AB4,1,,1,,,EC92- 6AB4,,,,,2026-08-27,
1320,43,unsorted,,1,,,,,ELTBON,OK CT160,,2026-08-27,
1321,146,unsorted,,1,HYTRON,,,,ELTBON,,,2026-08-27,10
1322,0B3VT90,unsorted,,1,SYVANIA,,,,ELTBON,,,2026-08-27,
1323,10LD11,unsorted,,1,,,,,ELTBON,,,2026-08-27,
1324,12AT7,unsorted,,2,,,,,ELTBON,,,2026-08-27,2
1325,12AV6,unsorted,,1,,,,,ELTBON,,,2026-08-27,3
1326,12BH7,unsorted,,1,,,,,ELTBON,,,2026-08-27,10
1327,12SJ7,unsorted,,1,,,,,ELTBON,,,2026-08-27,
1328,14Q7,unsorted,,2,,,,,ELTBON,,,2026-08-27,
1329,1L6,unsorted,,3,,,,,ELTBON,,,2026-08-27,20
1330,1LH4,unsorted,,1,,,,,ELTBON,,,2026-08-27,
1331,1R5,unsorted,,1,,,,,ELTBON,,,2026-08-27,
1332,1S5,unsorted,,1,,,,,ELTBON,,,2026-08-27,
1333,1U4,unsorted,,1,,,,,ELTBON,,Zenith Transocianic,2026-08-27,
1334,1U5,unsorted,,1,,,,,ELTBON,,,2026-08-27,
1335,25AB7,unsorted,,1,,,,,ELTBON,,,2026-08-27,NADA
1336,25AG,unsorted,,1,,,,,ELTBON,,,2026-08-27,NADA
1337,26C6,unsorted,,1,,,,,ELTBON,,,2026-08-27,
1338,35C5,unsorted,,1,,,,,ELTBON,,,2026-08-27,
1339,35D5,unsorted,,1,,,,,ELTBON,,,2026-08-27,
1340,35QL6,unsorted,,1,,,,,ELTBON,,,2026-08-27,
1341,35Z5,unsorted,5A,1,,,,,ELTBON,,,2026-08-27,
1342,3BU8,unsorted,,1,,,,,ELTBON,,,2026-08-27,
1343,4BQ7A,unsorted,,1,,,,,ELTBON,,,2026-08-27,
1344,50B5,unsorted,,1,,,,,ELTBON,,,2026-08-27,
1345,5CC8,unsorted,,1,,,,,ELTBON,,,2026-08-27,
1346,5SJ7,unsorted,,1,,,,,ELTBON,,,2026-08-27,
1347,5T6,unsorted,,1,,,,,ELTBON,,,2026-08-27,
1348,5Y3,unsorted,,1,,,,,ELTBON,,,2026-08-27,
1349,63Q6,unsorted,,1,,,,,ELTBON,,,2026-08-27,
1350,6AG5,unsorted,,2,,,,,ELTBON,,,2026-08-27,
1351,6AK5,unsorted,,1,,,,,ELTBON,,,2026-08-27,
1352,6AK8,unsorted,,1,,,,,ELTBON,,,2026-08-27,
1353,6AN8,unsorted,,1,,,,,ELTBON,,,2026-08-27,
1354,6AQ5,unsorted,,2,,,,,ELTBON,,,2026-08-27,
1355,6AU6,unsorted,,1,,,,,ELTBON,,,2026-08-27,
1356,6B6,unsorted,,1,,,,,ELTBON,,,2026-08-27,
1357,6BA6,unsorted,,1,,,,,ELTBON,,,2026-08-27,
1358,6BE6,unsorted,,2,,,,,ELTBON,,,2026-08-27,
1359,6BH8,unsorted,,1,,,,,ELTBON,,,2026-08-27,
1360,6BK5,unsorted,,1,,,,,ELTBON,,,2026-08-27,
1361,6BK6,unsorted,,1,,,,,ELTBON,,,2026-08-27,
1362,6BQ6,unsorted,,1,,,,,ELTBON,,,2026-08-27,
1363,6BW7,unsorted,,2,,,,,ELTBON,,,2026-08-27,
1364,6F5,unsorted,,1,,,,,ELTBON,,,2026-08-27,
1365,6K7,unsorted,,1,,,,,ELTBON,,,2026-08-27,
1366,6LM7,unsorted,,1,,,,,ELTBON,,,2026-08-27,
1367,6R7,unsorted,,1,,,,,ELTBON,,,2026-08-27,
1368,6SD7,unsorted,,2,,,,,ELTBON,,,2026-08-27,
1369,6SQ7,unsorted,,1,,,,,ELTBON,,,2026-08-27,
1370,6X5,unsorted,,2,,,,,ELTBON,,,2026-08-27,
1371,6X8,unsorted,,1,,,,,ELTBON,,,2026-08-27,
1372,78E,unsorted,5A,1,,,F,,ELTBON,,,2026-08-27,
1373,7B8,unsorted,,1,,,,,ELTBON,,,2026-08-27,
1374,AEABC80,unsorted,,1,,,AEABC80,,,,,2026-08-27,
1375,BL696,unsorted,,1,bomac,,,,K Lino,,,2026-08-27,
1376,CJ6,unsorted,,1,,,,,ELTBON,,,2026-08-27,
1377,CV131,unsorted,,1,,,,,ELTBON,,,2026-08-27,
1378,EBF80,unsorted,,1,,,,,ELTBON,,,2026-08-27,
1379,ECC82,unsorted,,2,,,,,ELTBON,,,2026-08-27,
1380,ECC84,unsorted,,3,,,ECC84,,jose Oliveira,,,2026-08-27,
1381,ECH81,unsorted,,7,,,,,ELTBON,,,2026-08-27,
1382,ECL82,unsorted,,1,,,,,ELTBON,,,2026-08-27,
1383,EF183,unsorted,,1,,,,,H Ramos,,,2026-08-27,
1384,EF80,unsorted,,1,,,,,ELTBON,,,2026-08-27,
1385,EF89,unsorted,,2,,,,,ELTBON,,,2026-08-27,
1386,EL12,unsorted,,1,,,,,ELTBON,,OFF quando quente,2026-08-27,10
1387,EL84,unsorted,,2,,,,,ELTBON,,,2026-08-27,
1388,EZ80,unsorted,,2,,,,,ELTBON,,,2026-08-27,
1389,PCH200,unsorted,,1,HALTRON,,,,H Ramos,,,2026-08-27,
1390,PFL200,unsorted,,1,,,,,H Ramos,,,2026-08-27,
1391,U404,unsorted,,1,,,,,ELTBON,,Pinos dubrabos,2026-08-27,
1392,UBF80,unsorted,,2,,,,,ELTBON,,,2026-08-27,
1393,UCH81,unsorted,,3,,,,,ELTBON,,,2026-08-27,
1394,UCL81,unsorted,,1,,,,,ELTBON,,,2026-08-27,
1395,UCL82,unsorted,,1,,,,,ELTBON,,,2026-08-27,
1396,UL41,unsorted,,2,,,,,ELTBON,,,2026-08-27,
1397,UL84,unsorted,,1,,,,,ELTBON,,,2026-08-27,
1398,UO12,unsorted,,1,,,,,ELTBON,,,2026-08-27,
1399,UY41,unsorted,,2,,,,,ELTBON,,,2026-08-27,
