type_key,name,function,family,base,pins,heater_v,heater_a,va_max,pa_max,gm,mu,power_out,freq_max,typical_use,equivalents,datasheet_path,datasheet_url,confidence,notes
10F1,10F1,RF pentode,british (Mazda/Brimar code),,,10.0,,,,,,,,"early all glass screened amplifier pentode. The high impedance suggests applications with tuned circuits as anode loads, such as RF, or more likely due to the high gain, IF amplification in superhet radio, television or radar receivers.",,,,inferred,
12AT7,12AT7,,american (RETMA code),,,12.6,,,,,,,,,ECC81,,,inferred,
12AX7,12AX7,,american (RETMA code),,,12.6,,,,,,,,High Impedance Pre- Amplifier Triode,ECC83 pm,,,inferred,
12BA6,12BA6,variable-mu RF pentode,,,,12.6,,,,,,,,The 12BA6 is described by Brimar as a variable μ pentode for use at HF within AC/DC receivers. Most probably as RF amplifiers.,CV1928 HF93,,,inferred,
12BY7,12BY7,video/driver pentode,,,,12.6,,,,,,,,2BY7A was widely ised by radio amateurs in the 1960's and 1970's as a driver stage for a pair of 6146B,,,,inferred,
150B2,150B2,voltage stabiliser (cold cathode),,,,,,,,,,,,The 150B2 voltage stabiliser has a striking voltage of 165 Volts and over the specified current range will regulate to 5 Volts of the 150 Volts,,,,inferred,
150C4,150C4,voltage stabiliser (cold cathode),,,,,,,,,,,,,,,,inferred,
207,207,,,,,,,,,,,,,,,,,inferred,
210,210,,,,,,,,,,,,,,"Unmarked, Suspected to be 210",,,inferred,
210HL,210HL,,,,,,,,,,,,,"The 210HL from Cossor was listed in their 1935-6 manual and we have an advert for it from 1931. Cossor say of the 210HL that it probably the most popular valve in their battery series for use as a detector. Its characteristics are such as to suit it for use as a leaky grid detector in combination with small LF transformers. Under these conditions sufficient output is obtained to load a small output pentode or triode before overload occurs. In addition, the anode consumption is small, a consideration in receivers using HT batteries. The valve, in common with most other Cossor battery valves for use as HF or IF amplifiers, or as detectors, is fitted with seven point filament suspension. No microphony need therefore be feared as filament vibration is completely damped.",CV1050 CV2571 HL2K K30C K30D K30K PM2HL VT50,,,inferred,
210SS,210 SS,,,,,,,,,,,,,"As Above, by Manufacturere Six Sixty. Second Quality outlet for Mullart",,,,inferred,
220HPT,220HPT,,,,,,,,,,,,,The Cossor New Process 220HPT is a battery audio output pentode. The B4 and side terminal was released in 1932 with the B5 based version following the following year.,KT2,,,inferred,
2C34,2C34,double triode (VHF),,,,6.3,,,,,,,,,4074A CV18 DET 19 VT224,,,inferred,
2P29,2P29,RF/audio pentode,,,,2.2,,,,,,,,"2.2v Heaters, Audio driver, high quality, 1-2 W out. HF capable Pentode",,,,inferred,
2XX27N,2XX27N,RF pentode,,,,2.2,,,,,,,,"If you remove the aluminium screening case, you can discover a lovely valve inside.","2J27P, 2Z27,2SH7",,,inferred,Heater voltage: 2.2V | Heater current: 57mA | Anode voltage: 120V (200V maximum) | Anode current 1.9mA (2.5mA maximum) | Transconductance: 1.9mA/V
30C15,30C15,triode-pentode (frequency changer),british (Mazda/Brimar code),,,,0.3,,,,,,,The 30C15 is a triode pentode designed for frequency changer use in VHF television receivers and is the high gain version of the 30C1.,9EN7 LZ339 PCF800,,,inferred,
30C17,30C17,triode-pentode (frequency changer),british (Mazda/Brimar code),,,,0.3,,,,,,,The 30C17 is a triode variable-mu pentode designed for television frequency changer use. When introduced it was the first variable μ TV frequency changer to be available in the UK.,PCF37,,,inferred,
30F5,30F5,RF pentode,british (Mazda/Brimar code),,,,0.3,,,,,,,The 30F5 is a miniature screened pentode that was designed to operate at the standard TV intermediate frequency of 33 MHz. T,7ED7 PF818 Z329,,,inferred,
30FL1,30FL1,triode-tetrode,british (Mazda/Brimar code),,,,0.3,,,,,,,"The triode, low power beam tetrode was designed as a general purpose valve.",,,,inferred,
30FL14,30FL14,triode-tetrode,british (Mazda/Brimar code),,,,0.3,,,,,,,The 30FL14 triode pentode offers high voltage gain in a screened design. It was probably designed for VHF television use,,,,inferred,
30FL2,30FL2,triode-tetrode,british (Mazda/Brimar code),,,,0.3,,,,,,,"The 30FL2 is a television valve in a miniature envelope, the 6FL2 is identical except for the heater, which is 6.3 V at 0.5 A.  The triode, low power beam tetrode was designed as line time base and sync separator.",P728,,,inferred,
30L1,30L1,double triode / output,british (Mazda/Brimar code),,,,0.3,,,,,,,The 30L1 is a double triode developed to meet the needs of VHF band III television transmission in the 1950s. designed for cascode operation. The normal configuration was for triode one to be operated as a grounded cathode stage directly coupled to triode two connected as a grounded grid stage,,,,inferred,
30L17,30L17,double triode / output,british (Mazda/Brimar code),,,,0.3,,,,,,,,,,,inferred,
30L2,30L2,double triode / output,british (Mazda/Brimar code),,,,0.3,,,,,,,The 6/30L2 is a general purpose double triode with a screen between the sections. Their main applications are found in television receivers.,6GA8 B729 ECC804,,,inferred,
30P12,30P12,output pentode/tetrode,british (Mazda/Brimar code),,,,0.3,,,,,,,The 30P12 beam tetrode was designed as a single ended audio amplifier output valve for television receiver use or as a TV frame scan output valve.,,,,inferred,
30P4,30P4,output pentode/tetrode,british (Mazda/Brimar code),,,,0.3,,,,,,,The 30P4 from Mazda is a purpose designed line output valve. It was designed to deliver current pulses to the magnetic deflection coils wherein a linear rising magnetic field would be generated to drive the spot across the face of the tube.,"25GF6, N308",,,inferred,
30PL1,30PL1,output pentode,british (Mazda/Brimar code),,,,0.3,,,,,,,"The 30PL1 is an output pentode. Designed for use on 300 mA heater chains, normally found in domestic televisions, it can be used for audio output, with an anode load of 6,000 Ohms, or as a frame timebase stage.",,,,inferred,
30PL14,30PL14,output pentode,british (Mazda/Brimar code),,,,0.3,,,,,,,"Beam Tetrode, The 30PL14 like the 30PL13 and 30PL12 are dedicated frame output valves from the VHF TV era",,,,inferred,
31000Z,3-1000Z,power triode (transmitting),,,,7.5,,,,,,,,,,,,inferred,
3500Z,3-500Z,power triode (transmitting),,,,5.0,,,,,,,,,,,,inferred,
3C1500A7,3C1500A7,,,,,,,,,,,,,,,,,inferred,
3CX1200A7,3CX1200A7,power triode (transmitting),,,,,,,,,,,,with socket and chimney Possibly not quite right,,,,inferred,
4125A,4-125A,power tetrode (transmitting),,,,5.0,,,,,,,,,,,,inferred,
465A,4-65A,power tetrode (transmitting),,,,6.0,,,,,,,,"With Base, Eimac 4-65A Transmitting Tetrode, Anode Disspation 65W, 120W Output",,,,inferred,
4CX250B,4CX250B,power tetrode (transmitting),,,,6.0,,,,,,,,,,,,inferred,
4CX350,4CX350,power tetrode (transmitting),,,,6.0,,,,,,,,,,,,inferred,
5642,5642,,,,,,,,,,,,,"The 5642 is an EHT rectifier diode designed specifically for use in oscilloscope EHT supplies and as a measuring instrument component it is a special quality device, the naming convention clearly shows this. The consumer DY70 is closely related to this special quality professional device.",,,,inferred,
5B251,5B251,beam tetrode (transmitting),,,,6.3,,,,,,,,Equiv 5B254 - basically a minature version of an 807,807,,,inferred,
5U4C,5U4C,,american (RETMA code),,,5.0,,,,,,,,Russian 5C4S rectifier tube is equivalent to the 5Z4 / CV1863 / 5Z4GT / 5U4C.,5C4S,,,inferred,"Name: 5C4S; | Type: double-anode rectifier; | Application: alternative current rectification; | Cathode type: oxide, indirect heating; | Envelope: glass; | Mass, g: 55; | Filament voltage, V: 5; | Filament current, A: 1,8-2,2; | Anode voltage, V: 50; | Anode current, A: 0,3; | Socket type: rsh5-1; | Max.reverse anode voltage, kV: 1,35"
5U4G,5U4G,full-wave rectifier,,,,5.0,,,,,,,,,,,,inferred,
5Y3,5Y3,full-wave rectifier,,,,5.0,,,,,,,,"directly heated full wave rectifier, with inverted v's of coated tape as filaments.",,,,inferred,
6146,6146,beam tetrode (transmitting),,,,6.3,,,,,,,,,,,,inferred,
6146B,6146B,beam tetrode (transmitting),,,,6.3,,,,,,,,popular small transmitting beam tetrode valve normally used in pairs within HF transmitters of 100 W outpu,,,,inferred,
6146W,6146W,beam tetrode (transmitting),,,,6.3,,,,,,,,"6146 with performance under severe shock, military",,,,inferred,
6442,JAN 6442,,,,,,,,,,,,,with base The 6442 is a triode for grounded-grid operation. As an oscillator in a suitable cavity it can produce useful output at up to 5 GHz. This particular exhibit was employed as a driver stage in an AN/ARC-52 UHF set. The final power amplifier would have been something like a 4X150A and the modulator would be a pair of 2E26's.,,,,inferred,"For microwave pulse operation, a 2 KW pulse is possible at 3.5 GHz or a wavelength of about 9"
6AG7,6AG7,output pentode,,,,6.3,,,,,,,,Pentode: he 6AG7 is an American metal valve designed for single ended audio output stages. Probably for receiver use,CV1882 VT-247,,,inferred,
6AJ7,6AJ7,RF pentode,,,,6.3,,,,,,,,"Pentode The 6AJ7 metal pentode was made in Canada for Marconi, and designed for high gain amplification",6AC7 CV747 CV849,,,inferred,
6AS6,6AS6,RF pentode,,,,6.3,,,,,,,,The 6AS6 is a physically small amplifier pentode. It is designed for dual control and therefore the suppressor has a short grid base or control range.,409A 5725 6AS6W CV2522 CV4011,,,inferred,
6AU5GT,6AU5GT,beam pentode (line output),,,,6.3,,,,,,,,The 6AU5GT is described as a beam pentode and was designed for line output service in television receivers. An alternate design use is as a series pass device in regulated power supplies.,6AU5,,,inferred,
6AU6,6AU6,RF pentode,,,,6.3,,,,,,,,RF pentode for use up to 50 MHz.,,,,inferred,
6BA6,6BA6,variable-mu RF pentode,,,,6.3,,,,,,,,The 6BA6 is described by Brimar as a variable μ pentode for use at HF. Most probably as RF amplifiers in radio receivers.,5749 CV454 EF93 PM04 W727,,,inferred,
6BW6,6BW6,beam tetrode (output),,,,6.3,,,,,,,,"Type 6BW6 is essentially the once-ubiquitous Octal type 6V6G squeezed into a B9A envelope. The nominal ratings of the two types are identical. Not surprisingly, 6BW6s usually run (very) hot and require good ventilation if they are not to 'die' prematurely.",CV2136 CV4043,,,inferred,
6BW7,6BW7,RF pentode,,,,6.3,,,,,,,,"The 6BW7 is an internally screened pentode. It is the Brimar implementation of the standard valve, the Mullard EF80 is the more generally known type designatio",64SPT 6BX6 6F28 8D6 CV1376 EF80 Z152 Z719,,,inferred,
6C17,6C17,UHF triode,,,,6.3,,,,,,,,,6S17,,,inferred,"Type: UHF triode; | Application: Amplification and frequency conversion in UHF band; | Cathode type: oxide,indirect heating; | Envelope: metal-ceramic; | Mass, g: 5; | Filament voltage, V: 6,3; | Filament current, A: 0,27-0,33; | Anode voltage, V: 175; | Steepness, mA/V: 14; | Microphnic noise, mV: 30; | Gain: 80,0-185,0; | Socket type: coaxial."
6C19N,6C19N,triode (series regulator),,,,6.3,,,,,,,,"he 6C19N / 6S19P Vacuum tube is a Russian Audiophile glass type power triode used in high-end amplifiers. They are used in the Transcendent Sound T16 OTL power amplifers among others, which uses an incredible 16 of these 6C19N / 6S19P tubes!",6S19P,,,inferred,"The 6el9n triode is designed for operation as | MAXIMUM AND MINIMUM PERMISSIBLE RATINGS | a regulator tube in electronic voltage stabilizers. | Max Min | The 6CI9n triodes are miniature devices en | Vh 6,9 V 5.7V | closed in glass bulb and provided with a nine-pin | Va 200 V | base, rigid leads and an indirectly heated oxide | V a I 500 V | coated cathode. | Vg -200V -1,5V | The 6CI9n triodes are resistant to ambient | P 2a 7W | temperature from -60 to + 70° C and relative hu | I) When switching in with the cold tube. | midity of 95 to 98% at +40° C, as well as to | 2) At Ua=350V. | mechanical loads: vibration loads up to 2.5 g | 3) At Ua 0= 200 V. | and multiple impact loads up to 12 g. | Max | Maximum weight: 25 gr. | P 3a llW | Service life guarantee: 2000 hr. | la 140 rnA | ELECTRICAL CHARACTERISTICS | Vkh 250 V | Uh 6.3 V Rl 400 g | R 4g 0.5 MQ | Ih 1 ±O.I A Rk 95:15 mA 130 g | Tbu1b 250° | Ea 110 V la 7.5:1.5 mAN | Eg I -7 V S | I Of the grid power supply_ | INTERELECTRODE CAPACITANCES | Cg1k 6.5 pF Cg1a 8 pF | Cak 2,5 pF | MAXIMUM AND MINIMUM PERMISSIBL | The Little Dot II++ headphone amplifier and the Balanced Audio Technology REX VK-32SE preamplifier also use 6C19N / 6S19P tubes. | This tube is also used as a regulating tube in electronic voltage stabilizers and other control elements. | Electrical Data: | Heater Voltage ........................ 6.3 V | Heater Current ................... 0.3/0.15 A | Anode voltage ..........................110 V | Grid voltage ........................... -7 V | Resistance in cathode circuit: | Ohm ....................................130"
6C51HB,6C51H-B,nuvistor triode,,,,6.3,,,,,,,,,6S51N-V,,,inferred,"Triode for amplifying and generation. | Envelope: sub-miniature, metal-ceramic. | Mass 3 g. | General characteristics: | Type 6S51N 6S51N-V | Filament voltage, Volt 6.3 6.3 | Anode voltage, Volt 80 80 | Resistance in cathode circuit, Ohm 130 130 | Type 6S51N 6S51N-V | Filament (heater) current, mA 130±20 130±20 | Anode current, mA 9,5±2,8 10±2,5 | Reverse grid current, mkA -- £0,1 | Dissipate cathode-heater current, mkA £20 £20 | Mutual conductance, mA/V 7,5 to 12 11±2,5 | Gain coefficient 32±12 30±12 | Input resistance, Kohm 7 7 | Equivalent noise resistance, Ohm -- £0,4 | Vibration noise (by R | A =2 KOhm), mV £40 £40 | Inter electrode capacitance, pF: | input 4,2±1,3 4,2±0,8 | output 1,8±0,6 2,2±0,6 | transfer £2,5 1,8±0,6 | cathode-heater 1,4±0,4 1,4±0,4 | Operation time, h 5000 2000 | Limited operating values: | Type 6S51N, 6S51N-V | Filament voltage, V 5,7-7 | Anode voltage, V 120 | Grid voltage, V -55 | Cathode - heater voltage, V 100 | Cathode current, mA 15 | Anode dissipation, W 1,2 | Grid dissipation, W 0,2 | Resistance in grid circuit, MOhm 1 | Tubes temperature, ° 250 | Operating environmental conditions : | Type 6S51N 6S51N-V | Acceleration of vibration loads, g 2.5 15 | by frequencies, Hz 10-150 5-5000 | Acceleration of multiple impacts, g 35 150 | Acceleration of single impact, g -- 1000 | Continuos acceleration, g -- 150 | Ambient temperature, ° -60 to +125 -60 to +200 | Relative humidity at up to 40 °C, % 98 98"
6CZ5,6CZ5,beam pentode (output),,,,6.3,,,,,,,,,,,,inferred,
6E6PG,6E6-PG,high-gain tetrode,,,,6.3,,,,,,,,Valve 29.5 ma/V High gain tetrode. Good for HF. Audiophile. 8.5W out.,,,,inferred,
6ES8,6ES8,double triode (VHF),,,,6.3,,,,,,,,,,,,inferred,
6F1,6F1,RF pentode,british (Mazda/Brimar code),,,6.3,,,,,,,,The 6F1 is an amplifying pentode.,,,,inferred,
6F12,6F12,RF pentode,british (Mazda/Brimar code),,,6.3,,,,,,,,"high gain, high impedance, high slope, screened pentode. The 6F12 was used in the 1948 Murphy V114 television receiver for RF and IF amplification.",,,,inferred,
6F23,6F23,RF pentode,british (Mazda/Brimar code),,,6.3,,,,,,,,screened amplifier pentode. The presence of two cathode connections suggests an RF role where lead inductance needs to kept to a minimum.,,,,inferred,
6F25,6F25,RF pentode,british (Mazda/Brimar code),,,6.3,,,,,,,,The EF183 is a high gain variable μ RF amplifier pentode. It,,,,inferred,
6F26,6F26,RF pentode,british (Mazda/Brimar code),,,6.3,,,,,,,,The 6F26 is a VHF varible-mu pentode where the stage gain is controlled by the negative bias applied to the control grid.,EF183,,,inferred,
6F28,6F28,RF pentode,british (Mazda/Brimar code),,,6.3,,,,,,,,The 6F28 is an amplifier beam tetrode of high mutual conductance designed for television service and introduced by Thorn-AEI (Mazda) in 1961,30FL12 EE80,,,inferred,
6F29,6F29,RF pentode,british (Mazda/Brimar code),,,6.3,,,,,,,,The 6F29 is a high gain variable μ RF amplifier pentode. (40Mhz),,,,inferred,
6F30,6F30,RF pentode,british (Mazda/Brimar code),,,6.3,,,,,,,,high gain VHF pentode. The mutual conductance is 15.6.,EF184,,,inferred,
6GH8A,6GH8A,triode + pentode,,,,6.3,,,,,,,,The 6GH8A is a triode pentode with separate cathodes designed for television receiver use. The valve is specified for multivibrator-type line deflection oscillators and/or AGC amplifier and sync-separator functions.,6EA8,,,inferred,
6H1NE8,6H1N-E8,double triode,,,,6.3,,,,,,,,,6n1p,,,inferred,"μ = 35 | Ia = 7.5 mA | S = 4.35 mA/V | Pa = 2.2 W | The 6N1P has similar ratings to the 6DJ8 and in the past was sometimes rebranded as such, however differences between the two types (the 6N1P requires almost twice the filament current and has only one third the S value) mean they are not directly interchangeable. The S is about 4.35 ma/V, the 6DJ8/ECC88 has a S of 12.5 ma/V and a gain of 33 and a lower internal resistance. However, the 6N1P is typically more linear for a given load. It is therefore inaccurate to say that these two tubes are identical. The correct Russian equivalent to the 6DJ8/ECC88 is the 6N23P, the latter has a S of 12.5 mA/V and a gain of 33."
6H2N,6H2N,double triode,,,,6.3,,,,,,,,"The 6N2P, (Russian: 6Н2П), also sometimes spelled in English ""6H2Pi"", is a miniature 9-pin dual triode vacuum tube manufactured in USSR, Russia and China with characteristics similar to the 12AX7. The most significant difference between the two is that 6N2P has its two filament elements connected in parallel, unlike the series filament connection of the 12AX7, and it is thus only possible to operate it from a 6.3 volt, 340 mA filament supply (whereas a 12AX7 may be operated from either 6.3 or 12.6 volts, at 300 mA or 150 mA, respectively.)",6N2P,,,inferred,
6J1P,6J1P,RF pentode,,,,6.3,,,,,,,,"The 6j1p is a high frequency pentode valve manufactured by the Voskhod factory in Russia. It is a seven-pin electronic component requiring a B7G base socket for connection, and 6.3 V for the heater filament. Using a 6j1p pentode as a triode is a very simple task, but unfortunately very few people understand how a pentode operates, however you might be wondering why use pentodes at all in the first place. Triodes are getting expensive due to their ever-dwindling stocks, and looking on eBay, the cost of a ECC81, ECC82, ECC83, and ECC85 has sky rocketed. However just recently I came across a cheap valve 6j1p selling for just one pound. It is very similar to the Russian 6z1p pentode and I was intrigued because there must be a factory out there making them!",,,,inferred,
6J5,6J5,triode,,,,6.3,,,,,,,,"VT-94 / 6J5 is a classic general purpose triode design that is an improved version of the original 6C4 from RCA, and appears in many envelope shapes. In dual form the 6J5 becomes the 6SN7 double audio triode.",6C5 CV1933 VT-94,,,inferred,
6J6A,6J6A,double triode (VHF),,,,6.3,,,,,,,,,,,,inferred,
6J9P,6J9P,RF pentode,,,,6.3,,,,,,,,"Equiv E180F, HF Pentode, 6.3V",,,,inferred,
6K7,6K7,variable-mu RF pentode,,,,6.3,,,,,,,,The 6K7 pentode was designed for intermediate frequency amplifiers in 'modern' superhet type receivers during the mid 1930s.,,,,inferred,
6N1N,6N1N,beam tetrode (output),,,,6.3,,,,,,,,"The 6P1P (Russian: 6П1П) is a Soviet-made miniature 9-pin beam tetrode vacuum tube with ratings similar to the 6AQ5, EL90 and the 6V6. Because of a different pinout (a 9-pin base versus 7-pin base) than an 6AQ5/EL90, it cannot be used as a plug-in replacement for these types; however, it will work in the same circuit with component values unchanged. Its maximum plate/screen voltage and dissipation ratings are actually slightly higher than a 6AQ5. A ruggedized/extended ratings version of the tube is designated 6P1P-EV (Russian: 6П1П-ЕВ), roughly equivalent to the 6AQ5W. A Chinese-manufactured version of the tube also exists, labeled 6P1.",6p1p,,,inferred,
6N2P,6N2P,double triode,,,,6.3,,,,,,,,"Dual Triode, 6.3V heater, like 12AX7 - with slight differences in pins.",,,,inferred,
6P14P,6P14P,output pentode/beam tetrode,russian,,,6.3,,,,,,,,,EL84 Equiv,,,inferred,
6SK7,6SK7,variable-mu RF pentode,,,,6.3,,,,,,,,The 6SK7 is a variable μ pentode for RF and IF amplifiers in superhet receivers. Essentially the S stands for single ended so the 6K7 had a top cap and this later development did not.,CV1981 VT-117,,,inferred,
6SN7,6SN7,double triode,,,,6.3,,,,,,,,The 6SN7GT is a British made glass tubular version of this much loved double triode valve from the 1940's.,13D2 B65 CV1988 VT-231,,,inferred,
6V6,6V6,beam tetrode (output),,,,6.3,,,,,,,,Beam Tetrode: he 6V6 family came in many constructions and were very popular as the final audio stage of broadcast receivers.,CV510 VT-107,,,inferred,
6X4,6X4,full-wave rectifier,,,,6.3,,,,,,,,"The 6X4 is a miniature HT rectifier following the normal pattern for a full wave device in that a common cathode is employed. At 325-0-325 input to the rectifier this will give an HT rail higher than is required for most domestic receivers. Use for audio amplifiers and small transmitters is most probable, or driven at 250 Volts for radio receivers.",6063 CV493 EZ90 U78,,,inferred,
726A,726A,reflex klystron,,,,6.3,,,,,,,,Klystron This reflex klystron was designed for microwave RF generation of about 20 mW about 9.7 GHz. It produces a continuous output and can be modulated for communications use. The output power is taken from the probe by passing the tip into waveguide. The base for this valve is special but an International Octal holder with pin four drilled out is equivalent.,,,,inferred,
7289,JAN 7289,UHF ceramic triode,,,,6.3,,,,,,,,"UHF Hi Mu Ceramic Triode, 6.3V at 1Amp 1KV, O/P around 50W good to 23CM and above",2c39A,,,inferred,
75C1,75C1,voltage stabiliser (cold cathode),,,,,,,,,,,,The 75C1 is a high stability voltage stabiliser. The output voltage is 75 Volts and for currents of 2 - 60 mA the regulation is between 5 and 8 Volts.,,,,inferred,
7609,JAN 7609,,,,,,,,,,,,,withbase Rugged version 4cx150D,,,,inferred,
7A7,7A7,variable-mu RF pentode,,,,7.0,,,,,,,,Vacuum Pentode RF/IF-Stage Controlling (mu),7A7 = 7A7E = CV877,,,inferred,
807,807,beam tetrode (transmitting),,,,6.3,,,,,,,,,,,,inferred,
811,811,power triode (transmitting),,,,6.3,,,,,,,,,,,,inferred,
813,813,beam tetrode (transmitting),,,,10.0,,,,,,,,,,,,inferred,
8136,8136,beam tetrode,,,,6.3,,,,,,,,The 8136 is a beam tetrode from the American General Electric corporation but is referred to as a pentode.,,,,inferred,
8D3,8D3,RF pentode,,,,6.3,,,,,,,,"(EF91) universal amplifier pentode of the post war era, many manufacturers made versions of this standard valve. The version shown here was made by Brimar and is labelled for commercial use. The EF91 is a high gain, high impedance, sharp cut-off, screened pentode. It could be used from AF to VHF up to about 200 MHz and was found in large numbers in most types of electronic equipment.",,,,inferred,
ACT22,ACT 22,power triode (UHF),,,,,,,,,,,,"UHF to about 30CM, Triode, Air cooled, good for a KW or so",RV1493,,,inferred,
BVA267,BVA 267,signal diode,european (Mullard/Philips code),,,,0.18,,,,,,,the EL33 audio output valve is the little brother of the EL37 with which it shares pin connections. Mullard describe this valve as a high sensitivity output pentode for use in AC mains equipment. The EL33 could be used in push pull to deliver 8 Watts,BVA267 = EL33 = BVA264 = BVA265,,,inferred,
CF15N2,CF15N-2,voltage stabiliser (cold cathode),,,,,,,,,,,,"Striking voltage: 160V min,",SG15P,,,inferred,"Operating voltage : 105V (102-110V), | Operating current: 5mA to 30mA."
CV124,CV124,beam tetrode (transmitting),,,,6.3,,,,,,,,he CV124 beam tetrode valve is unusual in being designated as current production in the 1960s and having a five pin base. The commercial equivalent was the classic 807.,807,,,inferred,
CV1375,CV1375,variable-mu RF pentode,,,,6.3,,,,,,,,,,,,inferred,
CV1833,CV1833,voltage stabiliser (cold cathode),,,,,,,,,,,,cold cathode voltage stabiliser and the CV specification took the OB2 as the prototype.,,,,inferred,
CV2466,CV2466,double beam tetrode (transmitting),,,,6.3,,,,,,,,UK Government designation for the commercial QQV02-6 designed by Mullard.,,,,inferred,
CV2799,CV2799,double beam tetrode (transmitting),,,,6.3,,,,,,,,double beam transmitting tetrode.,,,,inferred,
CV287,CV287,voltage stabiliser (cold cathode),,,,,,,,,,,,miniature voltage stabiliser and its direct commercial equivalent is the QS150/15. The striking Voltage is 170 and for burning currents of 2 - 10 mA the regulation is 5 Volts.,,,,inferred,
CV320,CV320,cathode ray tube,,,,,,,,,,,,,,,,inferred,
CV4014,CV4014,RF pentode (special quality),,,,6.3,,,,,,,,"The CV4014 is a UK service designation for the civilian M8083 or 6064, this in turn is a special quality version of the EF91 CV138. The M8083 has a more rugged build than the EF91 and was designed for operation in areas of vibration especially aircraft.",,,,inferred,
CV4060,CV4060,RF pentode (special quality),,,,6.3,,,,,,,,"The CV4060 from AEI features a propane carbonised anode and dates from 1961. The commercial version is the S11E12. The screen grid is visible and is seen to be of wire stretched between side rods, the wire runs flat across the cathode. This valve was a purpose built series voltage regulator and so designed for a hard service life whilst supplying a regulated voltage to other stages in professional equipment.",7971 CV4060 CV8077 L.5B/280K,,,inferred,
CV5215,CV5215,triode + pentode,,,,6.3,,,,,,,,The CV5215 is a UK government code for the ECF80. The triode is the oscillator and has to produce 5 V pk-pk signal. The screened pentode is the mixer. The valve has two cathode connections so that the two valves can be used separately if required.,6BL8 6C16 ECF80,,,inferred,
D77,D77,diode,british (GEC/Osram code),,,,,,,,,,,"The D77 is the Marconi equivalent of the Mullard EB91, and consists of two separate signal diodes in the envelope",,,,inferred,
DAF96,DAF96,signal diode + pentode,european (Mullard/Philips code),,,1.4,,,,,,,,"Detector, First Audio stage, Low Current consumption",,,,inferred,
DF96,DF96,pentode,european (Mullard/Philips code),,,1.4,,,,,,,,"Pentode, IF Amplifier, Low Current Consumption",,,,inferred,
DH77,DH77,hexode/heptode,european (Mullard/Philips code),,,1.4,,,,,,,,The DH77 amplifier triode with twin signal diodes on a common cathode. It was designed for use in superhet receivers at the end of the IF chain and as the first audio amplifier feeding the output stage.,,,,inferred,
DK91,DK91,octode,european (Mullard/Philips code),,,1.4,,,,,,,,"miniature B7G dry battery heptode, it was designed for frequency changer use in battery portable radio receivers",,,,inferred,
DK96,DK96,octode,european (Mullard/Philips code),,,1.4,,,,,,,,"Pentode/Triode Frequency Changed, Lower Current Consumption",,,,inferred,
DL96,DL96,output pentode/tetrode,european (Mullard/Philips code),,,1.4,,,,,,,,audio output valve from Mullard's low consumption dry battery valves from 1954. The audio output is low at 0.2 Watts but considering the low filament power it is quite remarkable.,,,,inferred,
DY802,DY802,HV half-wave rectifier,european (Mullard/Philips code),,,1.4,,,,,,,,"EHT Rectitfire fro BW TV maximum PIV of 30,000 Volts and will produce an output voltage of 20,000 Volts. The maximum reservoir capacitor is 0.003 μF.",,,,inferred,
DY86,DY86,HV half-wave rectifier,european (Mullard/Philips code),,,1.4,,,,,,,,"The DY86 is a television EHT rectifier. It was designed to have its heater supply produced by an overwind on the line output transformer. The 18,000 Volt rating places this as a rectifier for medium sized monochrome televisions.",,,,inferred,
DY87,DY87,HV half-wave rectifier,european (Mullard/Philips code),,,1.4,,,,,,,,television EHT rectifier introduced in 1956,,,,inferred,
E3062,E3062,power triode (industrial),,,,,,,,,,,,"Toshiba E3062 oscillation tube for 4kw HF welding machine, Triode",,,,inferred,
E80F,E80F,,,,,,,,,,,,,"Pentode: The E80F is a Mullard special quality valve with a life longer than 10,000 hours. It was designed for audio amplifier use, normally in RC coupled designs",CV2729,,,inferred,
E83CC,E83CC,,,,,,,,,,,,,High Impedance Pre- Amplifier Triode,,,,inferred,
EA76,EA76,signal diode,european (Mullard/Philips code),,,6.3,,,,,,,,Diode: The EA76 was one of the first of the robust miniature types that were introduced by Mullard in 1950.,6489 CV469,,,inferred,
EB91,EB91,double diode,european (Mullard/Philips code),,,6.3,,,,,,,,"The EF91 is a high gain, high impedance, high slope, screened pentode. Mullard describe the EF91 as primarily intended for use as RF amplifiers or mixer valves",5A/160H 5A/160K 6AM6 6F12 8D3 CV138 HP6 SP6 Z77 D77 DD6,,,inferred,
EBF80,EBF80,double diode + pentode,european (Mullard/Philips code),,,6.3,,,,,,,,The EBF80 is a variable μ amplifier pentode and a pair of signal diodes in the one envelope. Final IF Amplifier,,,,inferred,
EBF89,EBF89,double diode + pentode,european (Mullard/Philips code),,,6.3,,,,,,,,he EBF89 features two signal diodes and a variable μ pentode in the one envelope and sharing a common cathode. The variable μ characteristic is indicative of a device designed to have its gain controlled by an AGC system.,,,,inferred,
EC86,EC86,triode,european (Mullard/Philips code),,,6.3,,,,,,,,"Grounded Grid UHF Amplifier, 400-800Mhz",,,,inferred,
EC90,EC90,triode,european (Mullard/Philips code),,,6.3,,,,,,,,,,,,inferred,
EC91,EC91,triode,european (Mullard/Philips code),,,6.3,,,,,,,,miniature single triode. The Mullard manual describes the EC91 as a miniature screened triode for use as a grounded grid amplifier.,,,,inferred,
EC92,EC92,triode,european (Mullard/Philips code),,,6.3,,,,,,,,"Single triode designed for use as a mixer, amplifier or oscillator in VHF television receivers.",,,,inferred,
ECC801,ECC801,double triode,european (Mullard/Philips code),,,6.3,,,,,,,,,ECC801S = 6201,,,inferred,
ECC82,ECC82,double triode,european (Mullard/Philips code),,,6.3,,,,,,,,,12AU7 VLVE-00009,,,inferred,
ECC83,ECC83,double triode,european (Mullard/Philips code),,,6.3,,,,,,,,High Impedance Pre- Amplifier Triode,"12AX7 VLVE-0051,41,40",,,inferred,
ECC8312AX7,ECC83/12AX7,,,,,,,,,,,,,,Double Triode,,,inferred,
ECC83S,ECC83S,double triode,european (Mullard/Philips code),,,6.3,,,,,,,,High Impedance Pre- Amplifier Triode,,,,inferred,
ECC85,ECC85,double triode,european (Mullard/Philips code),,,6.3,,,,,,,,,,,,inferred,
ECF80,ECF80,triode + pentode,european (Mullard/Philips code),,,6.3,,,,,,,,The EF80 internally screened pentode was a workhorse of the VHF TV receiver and was introduced in mid 1950 to replace the EF91. It was described by Mullard as: a high slope RF pentode and not a variable μ type.,6BL8 6C16 CV5215,,,inferred,
ECF805,ECF805,triode + pentode,european (Mullard/Philips code),,,6.3,,,,,,,,Triode-Pentode   RF/IF-Stage   Controlling (mu),,,,inferred,
ECF80CV5215,ECF80/CV5215,,,,,,,,,,,,,,,,,inferred,
ECH35,ECH35,triode + hexode/heptode,european (Mullard/Philips code),,,6.3,,,,,,,,he ECH35 is a typical triode hexode frequency changer or mixer for broadcast applications. The exhibit has the Mullard red paint external metallisation and for maximum isolation of the signal input and output circuits the hexode control grid is taken to the top cap.,ARTH2 BVA276 CV1347 CV1944 OM10 X147 X61M X61 X65,,,inferred,
ECH42,ECH42,triode + hexode/heptode,european (Mullard/Philips code),,,6.3,,,,,,,,,,,,inferred,
ECH84,ECH84,triode + hexode/heptode,european (Mullard/Philips code),,,6.3,,,,,,,,The ECH84 is a low voltage triode heptode. The triode heptode was designed for noise immune TV sync separators.,,,,inferred,
ECL80,ECL80,triode + output pentode/tetrode,european (Mullard/Philips code),,,6.3,,,,,,,,"The ECL80 is a triode, output pentode for audio use. The heater at 6.3 Volts and 300 mA makes this valve suitable for equipment with mains transformers and heater chains across the domestic mains.",,,,inferred,
ECL83,ECL83,triode + output pentode/tetrode,european (Mullard/Philips code),,,6.3,,,,,,,,,,,,inferred,
EF183,EF183,pentode,european (Mullard/Philips code),,,6.3,,,,,,,,The EF183 is a high gain variable μ RF amplifier pentode. It is a late 1950s design and superseded the EF85. The EF184 was the straight version of the design and replaced the EF80. All four valves have the same pin connections.,,,,inferred,
EF184,EF184,pentode,european (Mullard/Philips code),,,6.3,,,,,,,,The EF184 is a purpose designed high gain frame grid pentode. The EF184 superseded the ubiquitous EF80.,6EJ7 6F30 CV5810,,,inferred,
EF41,EF41,pentode,european (Mullard/Philips code),,,6.3,,,,,,,,Mullard describe the EF41 as a variable μ RF pentode for use as an RF or IF amplifier,,,,inferred,
EF80,EF80,pentode,european (Mullard/Philips code),,,6.3,,,,,,,,internally screened pentode was a workhorse of the VHF TV receiver and was introduced in mid 1950 to replace the EF91. It was described by Mullard as: a high slope RF pentode and not a variable μ type,64SPT 6BX6 8D6 CV1376 Z152 Z719,,,inferred,
EF85,EF85,pentode,european (Mullard/Philips code),,,6.3,,,,,,,,The EF85 is a VHF variable μ pentode and is the counterpart to the EF80 straight RF pentode.,,,,inferred,
EF86,EF86,pentode,european (Mullard/Philips code),,,6.3,,,,,,,,The EF86 is the standard early stage audio pre-amplifier valve. This exhibit was made by Mullard in Great Britain. Mullard designed the EF86 and it took over the frond end stage of audio amplifiers from the octal EF37A. It was first shown at the 1953 Radio Show and first used in their 5-10 amplifier from 1954.,6267 6BK8 6F22 CV2901 Z729,,,inferred,
EF89,EF89,pentode,european (Mullard/Philips code),,,6.3,,,,,,,,miniature RF voltage amplifier. Mullard describe the EF89 as a variable μ pentode for use as an RF or IF amplifier in FM/AM receivers and is designed to work with a tuned anode circuit.,,,,inferred,
EF91,EF91,pentode,european (Mullard/Philips code),,,6.3,,,,,,,,"The EF91 is a high gain, high impedance, high slope, screened pentode. Mullard describe the EF91 as primarily intended for use as RF amplifiers or mixer valves in television receivers.",,,,inferred,
EL34,EL34,output pentode/tetrode,european (Mullard/Philips code),,,6.3,,,,,,,,The EL34 is a much loved audio power Pentode valve with an anode dissipation of 25 Watts.,,,,inferred,
EL41,EL41,output pentode/tetrode,european (Mullard/Philips code),,,6.3,,,,,,,,"The EL41 is an early all glass output pentode. Mullard describe the EL41 as an output pentode rated for 9 watts anode dissipation, and intended primarily for use in AC mains operated equipment. They state that the EL41 should only be used with self-bias or semi-automatic bias",,,,inferred,
EL84,EL84,output pentode/tetrode,european (Mullard/Philips code),,,6.3,,,,,,,,,"2xMullard, 2xPinnacle,1XTEONEX",,,inferred,
EL95,EL95,output pentode/tetrode,european (Mullard/Philips code),,,6.3,,,,,,,,EL95 is an output pentode with low heater consumption designed initially for car radios. It would also provide adequate audio power for a domestic receiver or smaller stereo system.,,,,inferred,
ELC6J,EL C6J,thyratron (xenon),,,,2.5,,,,,,,,"Thyratron Xenon  Rectifier  - Peak Forward 750 Inverse 1250V Heater 2.5V 21 Amp, 6.4 Amps",,,,inferred,
EM84,EM84,tuning indicator,european (Mullard/Philips code),,,6.3,,,,,,,,"tuning indicator, or magic eye, was used to display the optimum tuning point of a receiver, or the recording level of a tape recorder. The main benefit in reception was for FM radio where the exact tuning point was harder to determine than for AM.",,,,inferred,
EV3A,EV-3A,nixie / 7-segment indicator,,,,,,,,,,,,,IV3A,,,inferred,
EY51,EY51,HV half-wave rectifier,european (Mullard/Philips code),,,6.3,,,,,,,,he EY51 is a wire-ended EHT rectifier with a 6.3 V 90 mA heater which is normally fed from a well-insulated winding on the line output transformer of a television,,,,inferred,
EY86,EY86,HV half-wave rectifier,european (Mullard/Philips code),,,6.3,,,,,,,,"The EY86 is a television EHT rectifier is rated in terms of peak inverse volts (PIV) and that is quoted at 22,000 Volts. If fed from a sine wave the anode voltage would be limited to just under 8,000 Volts,",6S2 CV2966,,,inferred,
GI15B,GI15B,UHF power triode,,,,,,,,,,,,,,,,inferred,
GI7B,GI7B,UHF power triode,,,,,,,,,,,,,,,,inferred,
GS14,GS-14,UHF power triode,,,,6.3,,,,,,,,"he GS-14 titanium-ceramic triode generates, amplifies and multiplies oscillations on the centimetric and decimetric wavelength ranges.",,,,inferred,"Application field: generator and high frequency amplifier; | Envelope: titanium-ceramic, silver coated leads; | Dimensions (D x H), mm: 25 x 37; | Mass, gr: 25; | Filament voltage, V: 6.3; | Filament current, A : 0.73 (+/-) 0.07; | Typical Anode current, mA: 30; | Typical Anode voltage, V: 350; | Mutual conductance, mA/V: 20; | Max anode power, W: 88; | Maximum operating frequency: about or over 4 GHz; | Ambient operating temperature: -60 ... +100 deg. Celsius; | Max envelope temperature: +200 deg. Celsius; | Base: special type, four leads, anode located on top, grid in the middle, cathode and filament at bottom; | Each tube contains approximately 0.25g Silver (Ag)."
GS15B,GS15B,power tetrode,,,,,,,,,,,,"NameGS15BTypetetrodeCathode typesponged-metal,.oxide,indrect heatingApplication fieldoscillation and power amplification in common grid configuration in continous modeBrief applicationHF amplification, oscillationEnvelopemetal-ceramicCooling methodforced airDimensions69mmx37.1mmMass140 gFilament voltage6.3 VFilament current1.85 - 2.2 AMutual conductance9 mA/VOutput power200 WMaximum anode voltage11 kVMaximum operating frequency26 MHz",,,,inferred,
GS23,GS23,power triode,,,,,,,,,,,,,,,,inferred,
GS35,GS35,power triode,,,,,,,,,,,,,,,,inferred,
GU35,GU35,power tetrode,,,,6.3,,,,,,,,"Power Tetrode 3.5KW out, Heater 6.3V at 38 Amps.  5KV Anode Max",,,,inferred,
GU46,GU46,power tetrode,,,,,,,,,,,,,,,,inferred,
GZ34,GZ34,full-wave rectifier,european (Mullard/Philips code),,,5.0,,,,,,,,he GZ34 is an example of a typical high current rectifier for small equipment use.,,,,inferred,
KT61,KT61,beam tetrode (output),british (GEC),,,6.3,,,,,,,,"Beam Tetrode: The KT61 audio output valve, part of a series of very successful valves from M-OV, features the standard 6.3 Volt heater that was introduced from America in the mid 1930's.",6AG6 6P25 CV1438 CV2938 EL33 N147 OM9,,,inferred,
KT66,KT66,beam tetrode (output),british (GEC),,,6.3,,,,,,,,,,,,inferred,
L776C4,L77/6C4,,,,,,,,,,,,,"The 6C4 triode valve was specified as both an amplifier and an RF power valve. In the latter role it would deliver 5.5 Watts in class C operation. With a very small envelope volume, this would make it ideal for hand portable equipment. In larger apparatus it could deliver enough drive power for much larger PA's.",CV133 CV852 EC90 L77 V741,,,inferred,
N37,N37,output pentode,british (GEC/Osram code),,,,,,,,,,,The N37 is a television type audio output pentode. The load impedance is 6000 Ohms and the cathode resistor is 330 Ohms. At 10% total harmonic distortion the valve can produce 2.3 watts of audio.,,,,inferred,
OA2,OA2,voltage stabiliser (cold cathode),,,,,,,,,,,,he 0A2 or OA2 is a cold cathode voltage stabiliser. The mean voltage stabilised is 150 Volts.,150C2 CV1832 CV1832 GD150M QS1207 VR150MT,,,inferred,
OB2,OB2,voltage stabiliser (cold cathode),,,,,,,,,,,,The regulation of this tube was 3.5 Volts for currents of between 5 and 30 mA. So the voltage across this tube in service would have been held at between 106 and 110 Volts. The striking voltage was 133 Volts.,108C1 108C1 6074 CV1833 CV1833 G108/1K QS1208,,,inferred,
OV65,OV65,output pentode (battery),,,,2.0,,,,,,,,The 1938 Pen25 battery output pentode from Mazda was designed for domestic broadcast receivers. The filament was to be run from accumulators and the 0.15 Amp filament current would have assisted in prolonging the accumulator life.,"OV65 cv65 PEN 25, 211 242C 4242A ES85 UE311",,,inferred,
P646,P646,,,,,,,,,,,,,The EY87 is an EHT rectifier designed for EHT derived from the line timebase flyback. The DY87 has the same high voltage rating but has a 1.4 Volt 0.55 Amp heater. It is also for use in flyback generated EHT.,EY86 = EY87,,,inferred,
PC86,PC86,triode,european (Mullard/Philips code),,,,0.3,,,,,,,The PC86 is a purpose designed UHF oscillator triode for television reception,,,,inferred,
PC88,PC88,triode,european (Mullard/Philips code),,,,0.3,,,,,,,The PC88 is a UHF triode designed for grounded grid operation in the front end RF amplifier in Band IV and Band V television tuners,,,,inferred,
PC900,PC900,triode,european (Mullard/Philips code),,,,0.3,,,,,,,The PC900 is a miniature VHF amplifier triode for use as an RF amplifier in television receivers. It is low impedance and has a high mutual conductance.,,,,inferred,
PC97,PC97,triode,european (Mullard/Philips code),,,,0.3,,,,,,,The PC97 is a VHF triode. It has a high mutual conductance and could be used as a signal pre-amplifier.,,,,inferred,
PCC189,PCC189,double triode,european (Mullard/Philips code),,,,0.3,,,,,,,The PCC189 is a low impedance high gain double triode for use as a cascode amplifier in television front-ends. It specifically states that it is built with frame grids. The valves are variable μ types for use at RF as AGC controlled devices.,,,,inferred,
PCC84,PCC84,double triode,european (Mullard/Philips code),,,,0.3,,,,,,,The PCC84 double triode shows how valves developed to meet the needs of VHF television transmission. The PCC84 and PCF80 both featured in set-top converters for the new ITV television Band III channels that commenced broadcasting in 1955. The transmissions were on around 170 MHz and much higher in frequency than the BBC Band I signals at around 50 MHz.,30L1 7AN7 B319 CV5191,,,inferred,
PCC85,PCC85,double triode,european (Mullard/Philips code),,,,0.3,,,,,,,,,,,inferred,
PCF210,PCF210,triode + pentode,european (Mullard/Philips code),,,,0.3,,,,,,,,,,,inferred,
PCF80,PCF80,triode + pentode,european (Mullard/Philips code),,,,0.3,,,,,,,"The valve is a triode pentode, with separate cathodes, designed to function as a mixer and oscillator in the tuner.",,,,inferred,
PCF801,PCF801,triode + pentode,european (Mullard/Philips code),,,,0.3,,,,,,,The PCF801 is a television mixer oscillator. Triode pentode combinations worked better at high frequencies than hexode mixers.,,,,inferred,
PCF802,PCF802,triode + pentode,european (Mullard/Philips code),,,,0.3,,,,,,,The PCF802 was designed as the first stages in television line frequency generation prior to the line output stage. The pentode is described by Mullard as the oscillator while the triode is for service as a reactance valve. This suggests the triode acting as a frequency controlling stage.,9JW8,,,inferred,
PCF805,PCF805,triode + pentode,european (Mullard/Philips code),,,,0.3,,,,,,,purpose designed oscillator and mixer for frequency changer use in VHF television receivers.,,,,inferred,
PCF806,PCF806,triode + pentode,european (Mullard/Philips code),,,,0.3,,,,,,,triode and frame-grid pentode frequency changer for VHF television receivers up to 220 MHz.,,,,inferred,
PCF905,PCF905,triode + pentode,european (Mullard/Philips code),,,,0.3,,,,,,,"No information, maybe PCF805 t is a purpose designed oscillator and mixer for frequency changer use in VHF television receivers.",,,,inferred,
PCH200,PCH200,triode + hexode/heptode,european (Mullard/Philips code),,,,0.3,,,,,,,triode heptode. The triode was designed as a pulse amplifier and the heptode section was designed for service as a noise gated sync. separator in colour television receivers.,,,,inferred,
PCH84,PCH84,triode + hexode/heptode,european (Mullard/Philips code),,,,0.3,,,,,,,The PCF84 is triode pentode oscillator and mixer for the front ends of VHF television sets.,,,,inferred,
PCL800,PCL800,triode + output pentode/tetrode,european (Mullard/Philips code),,,,0.3,,,,,,,Triode output pentode designed for field timebase or audio service. The PCL800 is a television receiver valve with a 300 mA heater for use with series heater chains. Domestic televisions worked at mains voltage and did not have a mains transformer.,,,,inferred,
PCL805,PCL805,triode + output pentode/tetrode,european (Mullard/Philips code),,,,0.3,,,,,,,triode pentode was purpose designed as a domestic television receiver frame output stage.,,,,inferred,
PCL80585,PCL805/85,,,,,,,,,,,,,The PCL85 is a triode and output pentode combined.,12GV8,,,inferred,
PCL82,PCL82,triode + output pentode/tetrode,european (Mullard/Philips code),,,,0.3,,,,,,,The PCL82 triode pentode is typical of valve television receivers audio output stages,,,,inferred,
PCL83,PCL83,triode + output pentode/tetrode,european (Mullard/Philips code),,,,0.3,,,,,,,The PCL83 is a television triode output pentode. It is used as a frame timebase and frame output stage or audio output stage if required. It produces enough audio output power for an average domestic environment and was made from the early 1950s.,CV5144 LN309,,,inferred,
PCL84,PCL84,triode + output pentode/tetrode,european (Mullard/Philips code),,,,0.3,,,,,,,The PCL84 is a television triode and output pentode mainly for use as a video output stage.,,,,inferred,
PCL85,PCL85,triode + output pentode/tetrode,european (Mullard/Philips code),,,,0.3,,,,,,,The PCL85 is a triode and output pentode combined.,12GV8,,,inferred,
PCL86,PCL86,triode + output pentode/tetrode,european (Mullard/Philips code),,,,0.3,,,,,,,"This PCL86 was made in the UK by Mullard and was designed for the audio stage of a television receiver and offered a quality output at about 4W. Pentode, Triode.",,,,inferred,
PF200,PF200,pentode,european (Mullard/Philips code),,,,0.3,,,,,,,"The PFL200 combines a screened amplifier pentode and an output pentode in the one envelope. It was designed for television use, but probably not for audio output as the operating conditions do not give an output power. The mutual conductance of the output pentode at 21 is very high, pointing to a very small space between cathode and control grid.",,,,inferred,
PFL200,PFL200,pentode + output pentode/tetrode,european (Mullard/Philips code),,,,0.3,,,,,,,"two separate pentode valves in one package. For consumer electronics products cost reduction was vital, and the more functionality within each envelope the bette",,,,inferred,
PFL250,PFL250,pentode + output pentode/tetrode,european (Mullard/Philips code),,,,0.3,,,,,,,,,,,inferred,
PL504,PL504,output pentode/tetrode,european (Mullard/Philips code),,,,0.3,,,,,,,Pentode output valve -found their way into amateur radio transmitters for service at HF (up to 30 MHz) because of their peak voltage characteristics and relatively high current capability.,,,,inferred,
PL509,PL509,output pentode/tetrode,european (Mullard/Philips code),,,,0.3,,,,,,,"The PL509 was one of the last TV line timebase output pentode valves to be designed. The PL519 replaced the PL509 and was pin compatible. These valves were designed for service in colour television receivers employing shadow mask tubes. The EL509 differs only in heater requirements. The normal anode voltage of 160 Volts is designed to be exceeded by pulses of up to 8,000 Volts and 1.4 Amps.","40KG6, 40KG6A",,,inferred,
PL802,PL802,output pentode/tetrode,european (Mullard/Philips code),,,,0.3,,,,,,,purpose designed video output pentode for driving a cathode ray tube with the wide bandwidth signal needed for colour TV picture information. 300V at 6 watts,,,,inferred,
PL81,PL81,output pentode/tetrode,european (Mullard/Philips code),,,,0.3,,,,,,,"The PL81 Line Ouput, 6KV was designed for universal mains sets without a mains transformer and with the heaters on a series chain. The parameters given are for a pair in push pull audio service.",21A6,,,inferred,
PL82,PL82,output pentode/tetrode,european (Mullard/Philips code),,,,0.3,,,,,,,normally be found in audio stages of television receivers. A pair used in push pull class AB1 would deliver 9 Watts at 4 % distortion,,,,inferred,
PL83,PL83,output pentode/tetrode,european (Mullard/Philips code),,,,0.3,,,,,,,This is a true pentode with three wire grids. Used for video amplifier,,,,inferred,
PL84,PL84,output pentode/tetrode,european (Mullard/Philips code),,,,0.3,,,,,,,"audio output pentode was designed for use in television receivers. Like the UL84 with a 100mA heater it is a low voltage high current version of the EL84, itself a standard in design.",,,,inferred,
PM1LF,PM1LF,,,,,,,,,,,,,Type PM1LF was first introduced in 1926,210LF CV3642 L210,,,inferred,
PY33,PY33,HV half-wave rectifier,european (Mullard/Philips code),,,,0.3,,,,,,,The PY33 is an HT rectifier for television receivers. It operates directly from the mains input and with a series resistance of 25 Ohms it will feed a reservoir capacitor of 200 µF.,PY32 U291,,,inferred,
PY4400,PY 4-400,power tetrode (transmitting),,,,,,,,,,,,,,,,inferred,
PY80,PY80,HV half-wave rectifier,european (Mullard/Philips code),,,,0.3,,,,,,,The PY80 is an early efficiency diode for television line scan systems and was part of the world series valves introduced by Mullard in 1950. The maximum peak inverse voltage on the anode has to be under 4 kV. The peak heater to cathode voltage has to be under 650 Volts.,,,,inferred,
PY800,PY800,HV half-wave rectifier,european (Mullard/Philips code),,,,0.3,,,,,,,The PY800 was one of the last rectifiers of its type to be developed and is based on the PY81 from 1952. It was specifically built as an efficiency diode for television line scan in sets using 110° deflection angle tubes.,,,,inferred,
PY801,PY801,HV half-wave rectifier,european (Mullard/Philips code),,,,0.3,,,,,,,The PY801 is a television efficiency diode for use in line timebase output circuits. Typically it will have a heater cathode insulation that is good to 6 kV and a peak current capability of 500 mA.,A61 U193 U349,,,inferred,
PY802,PY802,HV half-wave rectifier,european (Mullard/Philips code),,,,0.3,,,,,,,,,,,inferred,
PY81,PY81,HV half-wave rectifier,european (Mullard/Philips code),,,,0.3,,,,,,,"The PY81 was specifically built as an efficiency diode for television line scan. The rectifier is specified as having a peak inverse voltage rating of 4,500 Volts, and a peak current rating of 450 mA.",17Z3 PY800 U153 U329,,,inferred,
PY81800,PY81/800,,,,,,,,,,,,,The PY80 is an early efficiency diode for television line scan systems and was part of the world series valves introduced by Mullard in 1950. Peak inverse voltage must be below 4KV,19X3 U152 U309,,,inferred,
PY82,PY82,HV half-wave rectifier,european (Mullard/Philips code),,,,0.3,,,,,,,The PY82 is an efficiency diode for use in domestic television receivers.,,,,inferred,
PY83,PY83,HV half-wave rectifier,european (Mullard/Philips code),,,,0.3,,,,,,,"The PY83 is an efficiency diode for use in television line scan circuits. The peak inverse anode voltage is 5,600 Volts and peak current is 500 mA.",,,,inferred,
PY86,PY86,HV half-wave rectifier,european (Mullard/Philips code),,,,0.3,,,,,,,,,,,inferred,
PY88,PY88,HV half-wave rectifier,european (Mullard/Philips code),,,,0.3,,,,,,,"he PY88 is an efficiency diode for use in television line scan systems, where stored energy in the inductances is returned to the HT rail capacitors. The maximum peak inverse voltage (PIV) rating is 6,600 Volts. The peak anode current is 550 mA. These diodes require a very good heater cathode insulation and the PY88 is rated at 6,600 Volts.",,,,inferred,
QP22B,QP22B,double pentode (QPP output),british (GEC/Osram code),,,,,,,,,,,"The QP22B is a battery double pentode, designed for quiescent push pull class B audio amplification. Class B amplification produces considerable distortion at the points in the cycle where the valves move from cut-off to conduction. The advantage is that when not driven by a signal the power consumption from the HT battery is low. The total power output is 1 Watt and was aimed at driving a loudspeaker, quite a luxury when battery powered.",240QP K77B,,,inferred,
QQV026,QQV02-6,double beam tetrode,transmitting,,,,,,,,,,,ouble beam tetrodes in this 1950s series from Mullard. It was introduced for 470 MHz (UHF) mobile transmitters.,,,,inferred,
QQV0640,QQV06-40,double beam tetrode,transmitting,,,,,,,,,,,ithin the envelope are two beam tetrodes with a maximum anode dissipation of 40 W.,,,,inferred,
QQV310,QQV3-10,double beam tetrode,transmitting,,,,,,,,,,,double beam tetrode used in VHF transmitters,,,,inferred,
QS15015,QS 150/15,voltage stabiliser (cold cathode),,,,,,,,,,,,miniature voltage stabiliser. The striking voltage is 170 and for burning currents of 2 - 10 mA the regulation is 5 Volts.,,,,inferred,
QY3125,QY3-125,power tetrode (transmitting),,,,,,,,,,,,,,,,inferred,
R71,R71,rectifier,,,,,,,,,,,,,,,,inferred,
SIMILAR,?(SIMILAR),,,,,,,,,,,,,,,,,inferred,
TD22A,TD22A,,,,,,,,,,,,,"1934, The TDD2A is a double diode triode for battery receivers. The function was as detector, AGC rectifier and first audio voltage amplifier in a superhet broadcast receiver.",AR10 CV1308 CV3726 HD24 L21/DD,,,inferred,
TY4125,TY4-125,power tetrode (transmitting),,,,,,,,,,,,,,,,inferred,
U191,U191,rectifier,british (GEC/Osram code),,,,,,,,,,,The U191 is a television efficiency diode. The function of the device is to enable the stored energy of the line scan coils to be returned to the supply rail during flyback.,,,,inferred,
U25,U25,rectifier,british (GEC/Osram code),,,,,,,,,,,The U25 is a dedicated television EHT rectifier for picture tube supplies. The Mullard code for this valve would be KY50 but U25 was the standard name. The valve is rated at 19 kV peak inverse volts,,,,inferred,
U26,U26,rectifier,british (GEC/Osram code),,,,,,,,,,,purpose designed EHT rectifier for monochrome television picture tube supplies. The U26,,,,inferred,
U282,U282,rectifier,british (GEC/Osram code),,,,,,,,,,,"The U282 is a television efficiency diode, used to return energy from the collapsing field in the line coils to the HT rail. The peak current is given as 600 mA",,,,inferred,
U319,U319,rectifier,british (GEC/Osram code),,,,,,,,,,,U319 is a half wave rectifier designed for 300 mA heater chain equipment.,,,,inferred,
UABC80,UABC80,signal diode + double diode + triode,european (Mullard/Philips code),,,,0.1,,,,,,,The UABC80 is a triple diode triode,,,,inferred,
UAF42,UAF42,signal diode + pentode,european (Mullard/Philips code),,,,0.1,,,,,,,The UAF42 is an early all glass valve introduced in 1948 together with the EAF42 and consists of a single diode and a variable μ RF amplifier pentode in a single envelope.,12S7 WD142,,,inferred,
UBC41,UBC41,double diode + triode,european (Mullard/Philips code),,,,0.1,,,,,,,"The UBC41 is an early all glass valve and less clear or free from imperfections than later valves. This is a double diode triode valve on a B8B base. Mullard describe the UBC41 as a high gain triode for use as an AF voltage amplifier, combined with twin diodes, for DC/AC mains operation.",10LD3 141DDT 14L7 DH118 DH142,,,inferred,
UBC81,UBC81,double diode + triode,european (Mullard/Philips code),,,,0.1,,,,,,,small double diode triode was designed for signal demodulation and AGC detection in universal mains domestic equipment. The triode section could be used for a first stage of amplification after the detection process.,10LD13 DH119,,,inferred,
UCC85,UCC85,double triode,european (Mullard/Philips code),,,,0.1,,,,,,,"The UCC85 is the universal supply version of the ECC85 VHF double triode, designed for RF amplifier and local oscillator use in FM radio receivers.",,,,inferred,
UCH42,UCH42,triode + hexode/heptode,european (Mullard/Philips code),,,,0.1,,,,,,,"The UCH42 is an early all glass triode hexode from 1948 and was designed as oscillator and mixer for superhet receivers, and the hexode section was designed to operate with an AGC control voltage.",,,,inferred,
UCH81,UCH81,triode + hexode/heptode,european (Mullard/Philips code),,,,0.1,,,,,,,,,,,inferred,
UCL83,UCL83,triode + output pentode/tetrode,european (Mullard/Philips code),,,,0.1,,,,,,,,The UCL83 is an AF amplifier triode and an output pentode combined in a single envelope. The use would have been for post detector amplification and loudspeaker driving in broadcast receivers and small VHF televisions sets. The 100 mA heater is for use on heater chains in universal AC or DC mains equipment,,,inferred,
UF41,UF41,pentode,european (Mullard/Philips code),,,,0.1,,,,,,,he UF41 from Mullard is a vari-mu amplifier pentode. Use was for AGC controlled RF and IF amplification in superhet receivers,,,,inferred,
UF89,UF89,pentode,european (Mullard/Philips code),,,,0.1,,,,,,,,,,,inferred,
UL41,UL41,output pentode/tetrode,european (Mullard/Philips code),,,,0.1,,,,,,,The UL41 is an audio output pentode from 1953. The U series were designed to operate with a heater chain across the mains in the days when AC mains had not reached all parts of the country. These universal sets contained no mains transformers and the valves were designed for low anode voltage and higher anode current to provide adequate output. The UL41 could produce 4.2 Watts at 10% distortion.,,,,inferred,
UL84,UL84,output pentode/tetrode,european (Mullard/Philips code),,,,0.1,,,,,,,"The Mullard EL84 is a classic audio pentode valve, immortalised in the 1950s 5-10 design for an audio amplifier. The UL84 was designed with a 100 mA heater, for use in universal voltage environments and thus with limited HT available. Our exhibit carries the Mullard logo but was not of UK manufacture.On a DC mains supply no transformer to increase the HT voltage is possible so the UL84 is designed to operate at lower anode voltages and increased anode current.",6BQ5 6P15 CV2975 N709,,,inferred,
UY41,UY41,HV half-wave rectifier,european (Mullard/Philips code),,,,0.1,,,,,,,The UY41 is a half wave rectifier designed for universal domestic equipment and replaced the UY21. By universal we mean AC or DC mains input and therefore no mains transformer.,,,,inferred,
UY85,UY85,HV half-wave rectifier,european (Mullard/Philips code),,,,0.1,,,,,,,The UY85 is a half wave rectifier and would be used on small universal (AC/DC) mains appliances. The heater chain would draw 100 mA and this was to enable the small number of valves used in a broadcast radio receiver to be run without a large dropper (ballast) resister.,,,,inferred,
VR10530,VR 105/30,,,,,,,,,,,,,old cathode voltage stabiliser. The details of its operation are given in the type designation. This tube will stabilise the voltage across it to 105 Volts for output currents between 5 mA and 30 mA. To strike the tube the voltage must exceed 135 V.,,,,inferred,
VR150,VR-150,voltage stabiliser (cold cathode),,,,,,,,,,,,The VR150 is a gas filled discharge tube that exhibits a near constant voltage across the valve for currents within the range 5mA to 40mA. In fact the regulation is 150 plus or minus 5.5 Volts.,0D3 150C3 CV216 CV685 G150/3D G180/2D GD150A/S GL150/30 KD25 QS150/40 VT-139 WT-294,,,inferred,
VT139,VT-139,,european (Mullard/Philips code),,,,0.05,,,,,,,,,,,inferred,
VT197,VT197,,european (Mullard/Philips code),,,,0.05,,,,,,,,,,,inferred,
VT61A,VT61A,double triode (VHF),,,,,,,,,,,,,,,,inferred,VHF | VT61A | Double Triode | 15W output | 150Mhz
Z329,Z329,RF pentode,british (GEC/Osram code),,,,,,,,,,,The Z329 is a miniature screened pentode that was designed to operate at the standard TV intermediate frequency of 33 MHz. The IF stages in any superhet receiver are where the main signal voltage amplification takes place.,30F5 7ED7 PF818,,,inferred,
Z749,Z749,RF pentode,british (GEC/Osram code),,,,,,,,,,,"The Z749 is a screened amplifier pentode, the GEC name was used as the professional brand of M-OV. The Z749 is directly equivalent to the EF812 and closely related to the EF80. TV and radar receivers would require wide bandwidth RF amplification.",6EL7 6F23 EF812,,,inferred,
Z759,Z759,RF pentode,british (GEC/Osram code),,,,,,,,,,,The Z759 is an RF pentode with a high mutual conductance designed for video or other wideband RF amplification.,CV5060,,,inferred,
