id,stock_id,position,serial,manufacturer,condition,notes,added
1,1,,2043,,,,2026-08-27
2,2,,2003,,,,2026-08-27
3,3,,1997,,,,2026-08-27
4,4,,2004,,,,2026-08-27
5,5,,2037,,,,2026-08-27
6,6,,2030,,,,2026-08-27
7,6,,2031,,,,2026-08-27
8,7,,2028,,,,2026-08-27
9,8,,2033,,,,2026-08-27
10,9,,2000,,,,2026-08-27
11,9,,2047,,,,2026-08-27
12,10,,2001,,,,2026-08-27
13,11,,2002,,,,2026-08-27
14,12,,2025,,,,2026-08-27
15,13,,2009,,,,2026-08-27
16,13,,2012,,,,2026-08-27
17,13,,2036,,,,2026-08-27
18,14,,2044,,,,2026-08-27
19,15,,2026,,,,2026-08-27
20,16,,2039,,,,2026-08-27
21,17,,2048,,,,2026-08-27
22,18,,2014,,,,2026-08-27
23,19,,2023,,,,2026-08-27
24,20,,2027,,,,2026-08-27
25,21,,2024,,,,2026-08-27
26,22,,2005,,,,2026-08-27
27,22,,2015,,,,2026-08-27
28,23,,2013,,,,2026-08-27
29,24,,2020,,,,2026-08-27
30,25,,2029,,,,2026-08-27
31,26,,2017,,,,2026-08-27
32,27,,2042,,,,2026-08-27
33,28,,2010,,,,2026-08-27
34,29,,2011,,,,2026-08-27
35,30,,2019,,,,2026-08-27
36,31,,2038,,,,2026-08-27
37,32,,2040,,,,2026-08-27
38,33,,2041,,,,2026-08-27
39,34,,2018,,,,2026-08-27
40,35,,2045,,,,2026-08-27
41,36,,2046,,,,2026-08-27
42,37,,2022,,,,2026-08-27
43,38,,2016,,,,2026-08-27
44,39,,2021,,,,2026-08-27
45,40,,2008,,,,2026-08-27
46,41,,1998,,,,2026-08-27
47,41,,2006,,,,2026-08-27
48,42,,2007,,,,2026-08-27
49,43,,2034,,,,2026-08-27
50,44,,1999,,,,2026-08-27
51,45,,2035,,,,2026-08-27
52,46,,2032,,,,2026-08-27
53,47,,562,,,,2026-08-27
54,48,,1007,,,,2026-08-27
55,48,,1012,,,,2026-08-27
56,49,,1008,,,,2026-08-27
57,50,,1009,,,,2026-08-27
58,50,,1010,,,,2026-08-27
59,50,,1011,,,,2026-08-27
60,51,,1018,,,,2026-08-27
61,52,,1272,,,,2026-08-27
62,52,,1277,,,,2026-08-27
63,53,,1273,,,,2026-08-27
64,54,,1274,,,,2026-08-27
65,55,,1275,,,,2026-08-27
66,56,,1276,,,,2026-08-27
67,57,,1288,,,,2026-08-27
68,58,,1289,,,,2026-08-27
69,59,,1290,,,,2026-08-27
70,59,,1291,,,,2026-08-27
71,60,,1464,,,,2026-08-27
72,61,,1465,,,,2026-08-27
73,62,,1469,,,,2026-08-27
74,63,,1470,,,,2026-08-27
75,64,,1471,,,,2026-08-27
76,65,,1472,,,,2026-08-27
77,66,,1473,,,,2026-08-27
78,67,,1466,,,,2026-08-27
79,68,,1467,,,,2026-08-27
80,69,,1486,,,,2026-08-27
81,70,,1488,,,,2026-08-27
82,71,,1489,,,,2026-08-27
83,72,,1490,,,,2026-08-27
84,73,,1491,,,,2026-08-27
85,74,,1475,,,,2026-08-27
86,75,,1481,,,,2026-08-27
87,76,,1482,,,,2026-08-27
88,77,,1484,,,,2026-08-27
89,78,,1485,,,,2026-08-27
90,79,,1510,,,,2026-08-27
91,80,,1514,,,,2026-08-27
92,81,,1515,,,,2026-08-27
93,81,,1516,,,,2026-08-27
94,82,,1517,,,,2026-08-27
95,83,,1494,,,,2026-08-27
96,84,,1495,,,,2026-08-27
97,84,,1498,,,,2026-08-27
98,85,,1496,,,,2026-08-27
99,86,,1497,,,,2026-08-27
100,87,,1528,,,,2026-08-27
101,87,,1532,,,,2026-08-27
102,88,,1529,,,,2026-08-27
103,89,,1530,,,,2026-08-27
104,89,,1533,,,,2026-08-27
105,90,,1531,,,,2026-08-27
106,91,,1534,,,,2026-08-27
107,92,,1535,,,,2026-08-27
108,92,,1536,,,,2026-08-27
109,92,,1537,,,,2026-08-27
110,93,,1538,,,,2026-08-27
111,94,,1539,,,,2026-08-27
112,95,,1499,,,,2026-08-27
113,96,,1507,,,,2026-08-27
114,97,,1508,,,,2026-08-27
115,98,,1509,,,,2026-08-27
116,99,,1542,,,,2026-08-27
117,99,,1543,,,,2026-08-27
118,100,,1544,,,,2026-08-27
119,101,,1545,,,,2026-08-27
120,102,,1546,,,,2026-08-27
121,103,,1554,,,,2026-08-27
122,103,,1557,,,,2026-08-27
123,104,,1555,,,,2026-08-27
124,104,,1556,,,,2026-08-27
125,105,,1558,,,,2026-08-27
126,106,,1559,,,,2026-08-27
127,107,,1560,,,,2026-08-27
128,108,,1561,,,,2026-08-27
129,109,,1562,,,,2026-08-27
130,110,,1563,,,,2026-08-27
131,111,,1564,,,,2026-08-27
132,112,,1565,,,,2026-08-27
133,113,,1571,,,,2026-08-27
134,114,,1572,,,,2026-08-27
135,115,,1573,,,,2026-08-27
136,116,,1574,,,,2026-08-27
137,117,,1575,,,,2026-08-27
138,118,,1576,,,,2026-08-27
139,119,,1577,,,,2026-08-27
140,120,,1578,,,,2026-08-27
141,121,,1586,,,,2026-08-27
142,121,,1587,,,,2026-08-27
143,122,,1588,,,,2026-08-27
144,123,,1595,,,,2026-08-27
145,124,,1599,,,,2026-08-27
146,125,,1600,,,,2026-08-27
147,126,,1601,,,,2026-08-27
148,127,,1602,,,,2026-08-27
149,128,,1603,,,,2026-08-27
150,129,,1604,,,,2026-08-27
151,130,,1605,,,,2026-08-27
152,131,,1606,,,,2026-08-27
153,132,,1607,,,,2026-08-27
154,133,,1613,,,,2026-08-27
155,134,,1614,,,,2026-08-27
156,134,,1615,,,,2026-08-27
157,135,,1617,,,,2026-08-27
158,136,,1618,,,,2026-08-27
159,137,,1623,,,,2026-08-27
160,138,,1624,,,,2026-08-27
161,139,,1625,,,,2026-08-27
162,140,,1626,,,,2026-08-27
163,141,,1643,,,,2026-08-27
164,142,,1650,,,,2026-08-27
165,143,,1651,,,,2026-08-27
166,144,,1652,,,,2026-08-27
167,144,,1653,,,,2026-08-27
168,144,,1654,,,,2026-08-27
169,144,,1655,,,,2026-08-27
170,144,,1656,,,,2026-08-27
171,144,,1657,,,,2026-08-27
172,144,,1658,,,,2026-08-27
173,144,,1666,,,,2026-08-27
174,145,,1659,,,,2026-08-27
175,145,,1660,,,,2026-08-27
176,146,,1661,,,,2026-08-27
177,146,,1662,,,,2026-08-27
178,146,,1663,,,,2026-08-27
179,146,,1665,,,,2026-08-27
180,147,,1664,,,,2026-08-27
181,148,,1627,,,,2026-08-27
182,149,,1629,,,,2026-08-27
183,150,,1630,,,,2026-08-27
184,150,,1631,,,,2026-08-27
185,151,,1632,,,,2026-08-27
186,152,,1635,,,,2026-08-27
187,152,,1637,,,,2026-08-27
188,153,,1636,,,,2026-08-27
189,154,,1667,,,,2026-08-27
190,155,,1678,,,,2026-08-27
191,156,,1679,,,,2026-08-27
192,156,,1680,,,,2026-08-27
193,157,,1681,,,,2026-08-27
194,158,,1682,,,,2026-08-27
195,159,,2118,,,,2026-08-27
196,160,,,,,,2026-08-27
197,161,,2093/1,,,,2026-08-27
198,161,,2093/2,,,,2026-08-27
199,161,,2095,,,,2026-08-27
200,162,,2067,,,,2026-08-27
201,163,,2069,,,,2026-08-27
202,164,,2105/1,,,,2026-08-27
203,164,,2105/2,,,,2026-08-27
204,165,,2118,,,,2026-08-27
205,166,,,,,,2026-08-27
206,167,,,,,,2026-08-27
207,168,,2119,,,,2026-08-27
208,169,,2131,,,,2026-08-27
209,170,,2162/1,,,,2026-08-27
210,170,,2162/2,,,,2026-08-27
211,171,,2133,,,,2026-08-27
212,172,,2129,,,,2026-08-27
213,173,,2140,,,,2026-08-27
214,174,,2166,,,,2026-08-27
215,175,,2137,,,,2026-08-27
216,176,,2154,,,,2026-08-27
217,177,,2149,,,,2026-08-27
218,178,,2169,,,,2026-08-27
219,179,,2145,,,,2026-08-27
220,180,,2135,,,,2026-08-27
221,181,,2126,,,,2026-08-27
222,182,,2150,,,,2026-08-27
223,183,,2155,,,,2026-08-27
224,184,,2142,,,,2026-08-27
225,185,,2143/1,,,,2026-08-27
226,185,,2143/2,,,,2026-08-27
227,186,,2151,,,,2026-08-27
228,187,,2161,,,,2026-08-27
229,188,,2134,,,,2026-08-27
230,189,,2163,,,,2026-08-27
231,190,,2136,,,,2026-08-27
232,191,,2127,,,,2026-08-27
233,192,,2141,,,,2026-08-27
234,193,,2128,,,,2026-08-27
235,194,,2139,,,,2026-08-27
236,195,,2157,,,,2026-08-27
237,196,,2158,,,,2026-08-27
238,197,,2156/1,,,,2026-08-27
239,197,,2156/2,,,,2026-08-27
240,198,,2159,,,,2026-08-27
241,199,,2147,,,,2026-08-27
242,200,,2153,,,,2026-08-27
243,201,,2148/1,,,,2026-08-27
244,201,,2148/2,,,,2026-08-27
245,202,,2069,,,,2026-08-27
246,203,,2068,,,,2026-08-27
247,204,,2071,,,,2026-08-27
248,205,,2079,,,,2026-08-27
249,206,,2081,,,,2026-08-27
250,207,,2085,,,,2026-08-27
251,208,,2086/1,,,,2026-08-27
252,208,,2086/2,,,,2026-08-27
253,209,,,,,,2026-08-27
254,210,,,,,,2026-08-27
255,211,,,,,,2026-08-27
256,212,,2165,,,,2026-08-27
257,213,,2146,,,,2026-08-27
258,214,,2145,,,,2026-08-27
259,215,,2147,,,,2026-08-27
260,216,,2102,,,,2026-08-27
261,217,,2066/1,,,,2026-08-27
262,217,,2066/2,,,,2026-08-27
263,218,,2080,,,,2026-08-27
264,219,,2100,,,,2026-08-27
265,220,,2123,,,,2026-08-27
266,221,,2089,,,,2026-08-27
267,221,,2090,,,,2026-08-27
268,222,,2091,,,,2026-08-27
269,223,,2092,,,,2026-08-27
270,224,,2094/1,,,,2026-08-27
271,224,,2094/2,,,,2026-08-27
272,225,,2097,,,,2026-08-27
273,226,,2099,,,,2026-08-27
274,227,,2053,,,,2026-08-27
275,228,,2101,,,,2026-08-27
276,229,,2102/1,,,,2026-08-27
277,229,,2102/2,,,,2026-08-27
278,229,,2102/3,,,,2026-08-27
279,230,,2103,,,,2026-08-27
280,231,,2106,,,,2026-08-27
281,232,,2066/1,,,,2026-08-27
282,232,,2066/2,,,,2026-08-27
283,232,,2107/1,,,,2026-08-27
284,232,,2107/2,,,,2026-08-27
285,233,,2109,,,,2026-08-27
286,234,,2070,,,,2026-08-27
287,235,,2111,,,,2026-08-27
288,236,,2075,,,,2026-08-27
289,236,,2113,,,,2026-08-27
290,237,,2112,,,,2026-08-27
291,238,,2114,,,,2026-08-27
292,239,,2115,,,,2026-08-27
293,240,,2116,,,,2026-08-27
294,241,,2121,,,,2026-08-27
295,242,,2122/1,,,,2026-08-27
296,242,,2122/2,,,,2026-08-27
297,243,,1158,,,,2026-08-27
298,243,,1159,,,,2026-08-27
299,244,,1164,,,,2026-08-27
300,245,,1187,,,,2026-08-27
301,245,,1188,,,,2026-08-27
302,246,,1227,,,,2026-08-27
303,246,,1228,,,,2026-08-27
304,247,,1247,,,,2026-08-27
305,248,,1248,,,,2026-08-27
306,248,,1249,,,,2026-08-27
307,249,,1251,,,,2026-08-27
308,249,,1252,,,,2026-08-27
309,249,,1253,,,,2026-08-27
310,250,,1261,,,,2026-08-27
311,250,,1262,,,,2026-08-27
312,251,,1278,,,,2026-08-27
313,251,,1279,,,,2026-08-27
314,252,,1360,,,,2026-08-27
315,253,,1369,,,,2026-08-27
316,253,,1370,,,,2026-08-27
317,253,,1371,,,,2026-08-27
318,254,,1398,,,,2026-08-27
319,255,,1413,,,,2026-08-27
320,255,,1414,,,,2026-08-27
321,255,,1415,,,,2026-08-27
322,256,,1425,,,,2026-08-27
323,257,,1468,,,,2026-08-27
324,258,,1579,,,,2026-08-27
325,259,,1633,,,,2026-08-27
326,260,,1683,,,,2026-08-27
327,260,,1684,,,,2026-08-27
328,261,,1781,,,,2026-08-27
329,262,,1791,,,,2026-08-27
330,262,,1792,,,,2026-08-27
331,262,,1793,,,,2026-08-27
332,263,,1804,,,,2026-08-27
333,264,,1819,,,,2026-08-27
334,264,,1820,,,,2026-08-27
335,264,,1821,,,,2026-08-27
336,265,,1875,,,,2026-08-27
337,265,,1876,,,,2026-08-27
338,265,,1877,,,,2026-08-27
339,266,,1996/1,,,,2026-08-27
340,266,,1996/2,,,,2026-08-27
341,266,,1996/3,,,,2026-08-27
342,266,,1996/4,,,,2026-08-27
343,267,,905,,,,2026-08-27
344,267,,906,,,,2026-08-27
345,268,,908,,,,2026-08-27
346,268,,909,,,,2026-08-27
347,269,,4,,,,2026-08-27
348,270,,756,,,,2026-08-27
349,270,,757,,,,2026-08-27
350,270,,758,,,,2026-08-27
351,271,,771,,,,2026-08-27
352,271,,772,,,,2026-08-27
353,271,,773,,,,2026-08-27
354,272,,811,,,,2026-08-27
355,272,,812,,,,2026-08-27
356,273,,813,,,,2026-08-27
357,274,,881/1,,,,2026-08-27
358,274,,881/2,,,,2026-08-27
359,274,,881/3,,,,2026-08-27
360,275,,210,,,,2026-08-27
361,275,,211,,,,2026-08-27
362,276,,266,,,,2026-08-27
363,277,,289,,,,2026-08-27
364,277,,290,,,,2026-08-27
365,277,,291,,,,2026-08-27
366,278,,515,,,,2026-08-27
367,279,,838,,,,2026-08-27
368,279,,839,,,,2026-08-27
369,279,,840,,,,2026-08-27
370,280,,1021,,,,2026-08-27
371,281,,1022,,,,2026-08-27
372,281,,1023,,,,2026-08-27
373,282,,1024,,,,2026-08-27
374,282,,1025,,,,2026-08-27
375,282,,1026,,,,2026-08-27
376,283,,1058,,,,2026-08-27
377,283,,1059,,,,2026-08-27
378,283,,1060,,,,2026-08-27
379,283,,1061,,,,2026-08-27
380,284,,1063,,,,2026-08-27
381,285,,1095,,,,2026-08-27
382,285,,1096,,,,2026-08-27
383,285,,1097,,,,2026-08-27
384,286,,1117,,,,2026-08-27
385,286,,1118,,,,2026-08-27
386,286,,1119,,,,2026-08-27
387,286,,1120,,,,2026-08-27
388,287,,1147,,,,2026-08-27
389,288,,,,,,2026-08-27
390,289,,1974,,,,2026-08-27
391,290,,1967,,,,2026-08-27
392,291,,1969,,,,2026-08-27
393,292,,1972/1,,,,2026-08-27
394,292,,1972/2,,,,2026-08-27
395,292,,1972/3,,,,2026-08-27
396,293,,1965,,,,2026-08-27
397,293,,1971,,,,2026-08-27
398,294,,1966,,,,2026-08-27
399,295,,1970,,,,2026-08-27
400,296,,100,,,,2026-08-27
401,297,,1975,,,,2026-08-27
402,298,,1964,,,,2026-08-27
403,299,,1976,,,,2026-08-27
404,300,,1963,,,,2026-08-27
405,301,,886,,,,2026-08-27
406,301,,887,,,,2026-08-27
407,302,,889,,,,2026-08-27
408,303,,922,,,,2026-08-27
409,304,,,,,,2026-08-27
410,305,,1363,,,,2026-08-27
411,305,,1364,,,,2026-08-27
412,306,,1960/1,,,,2026-08-27
413,306,,1960/2,,,,2026-08-27
414,306,,1960/3,,,,2026-08-27
415,306,,1960/4,,,,2026-08-27
416,306,,1960/5,,,,2026-08-27
417,306,,1960/6,,,,2026-08-27
418,306,,1960/7,,,,2026-08-27
419,306,,1960/8,,,,2026-08-27
420,306,,1960/9,,,,2026-08-27
421,306,,1960/10,,,,2026-08-27
422,306,,1960/11,,,,2026-08-27
423,306,,1960/12,,,,2026-08-27
424,306,,1960/13,,,,2026-08-27
425,306,,1960/14,,,,2026-08-27
426,306,,1960/15,,,,2026-08-27
427,306,,1960/16,,,,2026-08-27
428,307,,1450,,,,2026-08-27
429,308,,1608,,,,2026-08-27
430,309,,1689,,,,2026-08-27
431,310,,1699,,,,2026-08-27
432,311,,794,,,,2026-08-27
433,312,,795,,,,2026-08-27
434,313,,796,,,,2026-08-27
435,314,,797,,,,2026-08-27
436,315,,798,,,,2026-08-27
437,316,,799,,,,2026-08-27
438,317,,800,,,,2026-08-27
439,318,,801,,,,2026-08-27
440,319,,802,,,,2026-08-27
441,320,,1977,,,,2026-08-27
442,321,,1978,,,,2026-08-27
443,322,,1914,,,,2026-08-27
444,323,,895,,,,2026-08-27
445,324,,902,,,,2026-08-27
446,325,,1979,,,,2026-08-27
447,326,,1992/1,,,,2026-08-27
448,326,,1992/2,,,,2026-08-27
449,327,,1980,,,,2026-08-27
450,328,,1981,,,,2026-08-27
451,329,,1915,,,,2026-08-27
452,330,,1982,,,,2026-08-27
453,331,,1983,,,,2026-08-27
454,332,,1984,,,,2026-08-27
455,333,,2098,,,,2026-08-27
456,334,,1993/1,,,,2026-08-27
457,334,,1993/2,,,,2026-08-27
458,335,,1994/1,,,,2026-08-27
459,335,,1994/2,,,,2026-08-27
460,336,,1985,,,,2026-08-27
461,337,,2104,,,,2026-08-27
462,338,,1986,,,,2026-08-27
463,339,,1987,,,,2026-08-27
464,340,,1988,,,,2026-08-27
465,341,,1989,,,,2026-08-27
466,342,,1990,,,,2026-08-27
467,343,,1995/1,,,,2026-08-27
468,343,,1995/2,,,,2026-08-27
469,344,,1991,,,,2026-08-27
470,345,,63,,,,2026-08-27
471,346,,64,,,,2026-08-27
472,347,,750,,,,2026-08-27
473,348,,298,,,,2026-08-27
474,349,,356,,,,2026-08-27
475,350,,1894,,,,2026-08-27
476,351,,424,,,,2026-08-27
477,352,,425,,,,2026-08-27
478,353,,1948,,,,2026-08-27
479,354,,882,,,,2026-08-27
480,355,,883,,,,2026-08-27
481,356,,1949,,,,2026-08-27
482,357,,1950,,,,2026-08-27
483,358,,1951,,,,2026-08-27
484,359,,910,,,,2026-08-27
485,360,,911,,,,2026-08-27
486,361,,912,,,,2026-08-27
487,362,,913,,,,2026-08-27
488,363,,914,,,,2026-08-27
489,364,,915,,,,2026-08-27
490,365,,916,,,,2026-08-27
491,366,,917,,,,2026-08-27
492,367,,918,,,,2026-08-27
493,368,,919,,,,2026-08-27
494,369,,920,,,,2026-08-27
495,370,,921,,,,2026-08-27
496,371,,930,,,,2026-08-27
497,372,,931,,,,2026-08-27
498,373,,932,,,,2026-08-27
499,374,,933,,,,2026-08-27
500,375,,934,,,,2026-08-27
501,376,,935,,,,2026-08-27
502,377,,999,,,,2026-08-27
503,378,,1437,,,,2026-08-27
504,379,,1439,,,,2026-08-27
505,380,,1440,,,,2026-08-27
506,381,,1441,,,,2026-08-27
507,382,,1446,,,,2026-08-27
508,383,,1447,,,,2026-08-27
509,384,,1448,,,,2026-08-27
510,385,,1449,,,,2026-08-27
511,386,,1456,,,,2026-08-27
512,387,,1685,,,,2026-08-27
513,388,,1686,,,,2026-08-27
514,389,,1687,,,,2026-08-27
515,390,,1688,,,,2026-08-27
516,391,,1690,,,,2026-08-27
517,392,,1691,,,,2026-08-27
518,393,,1692,,,,2026-08-27
519,394,,1693,,,,2026-08-27
520,395,,1694,,,,2026-08-27
521,396,,1695,,,,2026-08-27
522,397,,1696,,,,2026-08-27
523,398,,1697,,,,2026-08-27
524,399,,1698,,,,2026-08-27
525,400,,1700,,,,2026-08-27
526,401,,1872,,,,2026-08-27
527,402,,1885,,,,2026-08-27
528,403,,1886,,,,2026-08-27
529,404,,1887,,,,2026-08-27
530,405,,1889,,,,2026-08-27
531,406,,1907,,,,2026-08-27
532,407,,621,,,,2026-08-27
533,408,,648,,,,2026-08-27
534,409,,653,,,,2026-08-27
535,410,,689,,,,2026-08-27
536,411,,690,,,,2026-08-27
537,412,,702,,,,2026-08-27
538,413,,708,,,,2026-08-27
539,414,,709,,,,2026-08-27
540,415,,10,,,,2026-08-27
541,416,,13,,,,2026-08-27
542,417,,715,,,,2026-08-27
543,418,,720,,,,2026-08-27
544,419,,749,,,,2026-08-27
545,420,,768,,,,2026-08-27
546,421,,781,,,,2026-08-27
547,422,,782,,,,2026-08-27
548,423,,783,,,,2026-08-27
549,424,,76,,,,2026-08-27
550,425,,82,,,,2026-08-27
551,426,,88,,,,2026-08-27
552,427,,95,,,,2026-08-27
553,428,,96,,,,2026-08-27
554,429,,97,,,,2026-08-27
555,430,,787,,,,2026-08-27
556,431,,791,,,,2026-08-27
557,432,,137,,,,2026-08-27
558,433,,138,,,,2026-08-27
559,434,,164,,,,2026-08-27
560,435,,275,,,,2026-08-27
561,436,,317,,,,2026-08-27
562,437,,324,,,,2026-08-27
563,438,,346,,,,2026-08-27
564,439,,365,,,,2026-08-27
565,440,,378,,,,2026-08-27
566,441,,482,,,,2026-08-27
567,442,,483,,,,2026-08-27
568,443,,486,,,,2026-08-27
569,444,,510,,,,2026-08-27
570,445,,828,,,,2026-08-27
571,446,,829,,,,2026-08-27
572,447,,830,,,,2026-08-27
573,448,,847,,,,2026-08-27
574,449,,848,,,,2026-08-27
575,450,,851,,,,2026-08-27
576,451,,852,,,,2026-08-27
577,452,,853,,,,2026-08-27
578,453,,856,,,,2026-08-27
579,454,,860,,,,2026-08-27
580,455,,890,,,,2026-08-27
581,456,,894,,,,2026-08-27
582,457,,6,,,,2026-08-27
583,458,,7,,,,2026-08-27
584,459,,8,,,,2026-08-27
585,460,,9,,,,2026-08-27
586,461,,897,,,,2026-08-27
587,462,,870,,,,2026-08-27
588,463,,871,,,,2026-08-27
589,464,,872,,,,2026-08-27
590,465,,738,,,,2026-08-27
591,466,,739,,,,2026-08-27
592,467,,740,,,,2026-08-27
593,468,,741,,,,2026-08-27
594,469,,744,,,,2026-08-27
595,470,,745,,,,2026-08-27
596,471,,873,,,,2026-08-27
597,472,,874,,,,2026-08-27
598,473,,66,,,,2026-08-27
599,474,,65,,,,2026-08-27
600,475,,67,,,,2026-08-27
601,476,,68,,,,2026-08-27
602,477,,875,,,,2026-08-27
603,478,,876,,,,2026-08-27
604,479,,877,,,,2026-08-27
605,480,,879,,,,2026-08-27
606,481,,880,,,,2026-08-27
607,482,,901,,,,2026-08-27
608,483,,139,,,,2026-08-27
609,484,,140,,,,2026-08-27
610,485,,141,,,,2026-08-27
611,486,,151,,,,2026-08-27
612,487,,236,,,,2026-08-27
613,488,,297,,,,2026-08-27
614,489,,339,,,,2026-08-27
615,490,,340,,,,2026-08-27
616,491,,369,,,,2026-08-27
617,492,,393,,,,2026-08-27
618,493,,400,,,,2026-08-27
619,494,,522,,,,2026-08-27
620,495,,854,,,,2026-08-27
621,496,,855,,,,2026-08-27
622,497,,1114,,,,2026-08-27
623,498,,1297,,,,2026-08-27
624,499,,1298,,,,2026-08-27
625,500,,1299,,,,2026-08-27
626,501,,1306,,,,2026-08-27
627,502,,1307,,,,2026-08-27
628,503,,1424,,,,2026-08-27
629,504,,1438,,,,2026-08-27
630,505,,1442,,,,2026-08-27
631,506,,1443,,,,2026-08-27
632,507,,1444,,,,2026-08-27
633,508,,1445,,,,2026-08-27
634,509,,1452,,,,2026-08-27
635,510,,1453,,,,2026-08-27
636,511,,1740,,,,2026-08-27
637,512,,1881,,,,2026-08-27
638,513,,582,,,,2026-08-27
639,514,,583,,,,2026-08-27
640,515,,589,,,,2026-08-27
641,516,,597,,,,2026-08-27
642,516,,598,,,,2026-08-27
643,517,,607,,,,2026-08-27
644,517,,608,,,,2026-08-27
645,517,,609,,,,2026-08-27
646,518,,615,,,,2026-08-27
647,518,,616,,,,2026-08-27
648,519,,623,,,,2026-08-27
649,520,,643,,,,2026-08-27
650,520,,644,,,,2026-08-27
651,521,,645,,,,2026-08-27
652,522,,656,,,,2026-08-27
653,523,,693,,,,2026-08-27
654,524,,698,,,,2026-08-27
655,525,,699,,,,2026-08-27
656,526,,700,,,,2026-08-27
657,527,,710,,,,2026-08-27
658,528,,43,,,,2026-08-27
659,529,,44,,,,2026-08-27
660,530,,45,,,,2026-08-27
661,531,,714,,,,2026-08-27
662,532,,69,,,,2026-08-27
663,533,,70,,,,2026-08-27
664,534,,72,,,,2026-08-27
665,535,,73,,,,2026-08-27
666,536,,78,,,,2026-08-27
667,537,,81,,,,2026-08-27
668,538,,86,,,,2026-08-27
669,538,,87,,,,2026-08-27
670,539,,93,,,,2026-08-27
671,540,,94,,,,2026-08-27
672,541,,98,,,,2026-08-27
673,542,,105,,,,2026-08-27
674,543,,106,,,,2026-08-27
675,544,,109,,,,2026-08-27
676,545,,111,,,,2026-08-27
677,546,,112,,,,2026-08-27
678,547,,114,,,,2026-08-27
679,548,,115,,,,2026-08-27
680,549,,116,,,,2026-08-27
681,550,,118,,,,2026-08-27
682,551,,121,,,,2026-08-27
683,551,,123,,,,2026-08-27
684,552,,122,,,,2026-08-27
685,553,,124,,,,2026-08-27
686,554,,132,,,,2026-08-27
687,555,,167,,,,2026-08-27
688,556,,181,,,,2026-08-27
689,556,,182,,,,2026-08-27
690,557,,183,,,,2026-08-27
691,558,,194,,,,2026-08-27
692,559,,195,,,,2026-08-27
693,559,,196,,,,2026-08-27
694,560,,197,,,,2026-08-27
695,561,,200,,,,2026-08-27
696,562,,201,,,,2026-08-27
697,563,,213,,,,2026-08-27
698,564,,214,,,,2026-08-27
699,565,,221,,,,2026-08-27
700,566,,223,,,,2026-08-27
701,566,,224,,,,2026-08-27
702,567,,225,,,,2026-08-27
703,568,,241,,,,2026-08-27
704,569,,252,,,,2026-08-27
705,570,,262,,,,2026-08-27
706,571,,263,,,,2026-08-27
707,572,,265,,,,2026-08-27
708,573,,281,,,,2026-08-27
709,574,,283,,,,2026-08-27
710,574,,284,,,,2026-08-27
711,575,,286,,,,2026-08-27
712,576,,288,,,,2026-08-27
713,577,,304,,,,2026-08-27
714,578,,314,,,,2026-08-27
715,579,,319,,,,2026-08-27
716,580,,320,,,,2026-08-27
717,581,,323,,,,2026-08-27
718,582,,325,,,,2026-08-27
719,583,,326,,,,2026-08-27
720,584,,329,,,,2026-08-27
721,585,,342,,,,2026-08-27
722,586,,351,,,,2026-08-27
723,587,,354,,,,2026-08-27
724,588,,358,,,,2026-08-27
725,589,,359,,,,2026-08-27
726,590,,361,,,,2026-08-27
727,590,,362,,,,2026-08-27
728,591,,363,,,,2026-08-27
729,592,,364,,,,2026-08-27
730,593,,382,,,,2026-08-27
731,594,,383,,,,2026-08-27
732,595,,384,,,,2026-08-27
733,596,,386,,,,2026-08-27
734,597,,387,,,,2026-08-27
735,598,,388,,,,2026-08-27
736,599,,389,,,,2026-08-27
737,600,,391,,,,2026-08-27
738,601,,392,,,,2026-08-27
739,602,,398,,,,2026-08-27
740,603,,399,,,,2026-08-27
741,604,,414,,,,2026-08-27
742,604,,415,,,,2026-08-27
743,605,,416,,,,2026-08-27
744,606,,433,,,,2026-08-27
745,607,,434,,,,2026-08-27
746,608,,435,,,,2026-08-27
747,609,,436,,,,2026-08-27
748,610,,437,,,,2026-08-27
749,611,,498,,,,2026-08-27
750,612,,499,,,,2026-08-27
751,613,,528,,,,2026-08-27
752,614,,560,,,,2026-08-27
753,615,,568,,,,2026-08-27
754,616,,571,,,,2026-08-27
755,617,,572,,,,2026-08-27
756,618,,573,,,,2026-08-27
757,619,,575,,,,2026-08-27
758,620,,576,,,,2026-08-27
759,621,,577,,,,2026-08-27
760,622,,578,,,,2026-08-27
761,623,,581,,,,2026-08-27
762,624,,1006,,,,2026-08-27
763,625,,1016,,,,2026-08-27
764,626,,1030,,,,2026-08-27
765,627,,1031,,,,2026-08-27
766,628,,1032,,,,2026-08-27
767,628,,1033,,,,2026-08-27
768,629,,1047,,,,2026-08-27
769,630,,1048,,,,2026-08-27
770,631,,1062,,,,2026-08-27
771,632,,1077,,,,2026-08-27
772,633,,1089,,,,2026-08-27
773,634,,1130,,,,2026-08-27
774,634,,1131,,,,2026-08-27
775,635,,1139,,,,2026-08-27
776,636,,1145,,,,2026-08-27
777,636,,1146,,,,2026-08-27
778,637,,1153,,,,2026-08-27
779,638,,1174,,,,2026-08-27
780,639,,1223,,,,2026-08-27
781,640,,1224,,,,2026-08-27
782,641,,1225,,,,2026-08-27
783,641,,1226,,,,2026-08-27
784,642,,1246,,,,2026-08-27
785,643,,1258,,,,2026-08-27
786,644,,1267,,,,2026-08-27
787,644,,1268,,,,2026-08-27
788,644,,1269,,,,2026-08-27
789,644,,1270,,,,2026-08-27
790,645,,1287,,,,2026-08-27
791,646,,1315,,,,2026-08-27
792,647,,1318,,,,2026-08-27
793,647,,1319,,,,2026-08-27
794,648,,1326,,,,2026-08-27
795,649,,1327,,,,2026-08-27
796,649,,1328,,,,2026-08-27
797,650,,1334,,,,2026-08-27
798,651,,1335,,,,2026-08-27
799,652,,1374,,,,2026-08-27
800,653,,1393,,,,2026-08-27
801,654,,1394,,,,2026-08-27
802,654,,1395,,,,2026-08-27
803,654,,1396,,,,2026-08-27
804,654,,1397,,,,2026-08-27
805,655,,1402,,,,2026-08-27
806,656,,1405,,,,2026-08-27
807,657,,1408,,,,2026-08-27
808,658,,1431,,,,2026-08-27
809,659,,1432,,,,2026-08-27
810,660,,1474,,,,2026-08-27
811,661,,1512,,,,2026-08-27
812,662,,1513,,,,2026-08-27
813,663,,1493,,,,2026-08-27
814,664,,1525,,,,2026-08-27
815,664,,1526,,,,2026-08-27
816,664,,1527,,,,2026-08-27
817,665,,1505,,,,2026-08-27
818,665,,1506,,,,2026-08-27
819,666,,1549,,,,2026-08-27
820,666,,1550,,,,2026-08-27
821,667,,1551,,,,2026-08-27
822,667,,1552,,,,2026-08-27
823,667,,1553,,,,2026-08-27
824,668,,1584,,,,2026-08-27
825,668,,1585,,,,2026-08-27
826,669,,1596,,,,2026-08-27
827,669,,1597,,,,2026-08-27
828,669,,1598,,,,2026-08-27
829,670,,1612,,,,2026-08-27
830,671,,1645,,,,2026-08-27
831,672,,1646,,,,2026-08-27
832,672,,1647,,,,2026-08-27
833,672,,1648,,,,2026-08-27
834,673,,1649,,,,2026-08-27
835,674,,1675,,,,2026-08-27
836,674,,1676,,,,2026-08-27
837,674,,1677,,,,2026-08-27
838,675,,1723,,,,2026-08-27
839,676,,1766,,,,2026-08-27
840,677,,1805,,,,2026-08-27
841,678,,1895,,,,2026-08-27
842,679,,1893,,,,2026-08-27
843,680,,1891,,,,2026-08-27
844,681,,1892,,,,2026-08-27
845,682,,1896,,,,2026-08-27
846,683,,1897,,,,2026-08-27
847,684,,1909,,,,2026-08-27
848,685,,1910,,,,2026-08-27
849,686,,792/1,,,,2026-08-27
850,686,,792/2,,,,2026-08-27
851,687,,793,,,,2026-08-27
852,688,,1899,,,,2026-08-27
853,689,,1911,,,,2026-08-27
854,690,,1912,,,,2026-08-27
855,691,,1913,,,,2026-08-27
856,692,,1916,,,,2026-08-27
857,692,,1917,,,,2026-08-27
858,693,,1918,,,,2026-08-27
859,694,,1919,,,,2026-08-27
860,694,,1920,,,,2026-08-27
861,695,,1921,,,,2026-08-27
862,695,,1922,,,,2026-08-27
863,696,,1923,,,,2026-08-27
864,697,,1924,,,,2026-08-27
865,697,,1925,,,,2026-08-27
866,697,,1926,,,,2026-08-27
867,698,,1927,,,,2026-08-27
868,698,,1928,,,,2026-08-27
869,698,,1929,,,,2026-08-27
870,699,,1930,,,,2026-08-27
871,700,,1931,,,,2026-08-27
872,701,,1932,,,,2026-08-27
873,701,,1933,,,,2026-08-27
874,702,,1934,,,,2026-08-27
875,703,,1935,,,,2026-08-27
876,704,,1936,,,,2026-08-27
877,705,,1937,,,,2026-08-27
878,706,,1938,,,,2026-08-27
879,707,,1939,,,,2026-08-27
880,708,,1940,,,,2026-08-27
881,709,,1941,,,,2026-08-27
882,710,,1942,,,,2026-08-27
883,711,,1943,,,,2026-08-27
884,712,,1944,,,,2026-08-27
885,713,,1945,,,,2026-08-27
886,713,,1946,,,,2026-08-27
887,714,,1947,,,,2026-08-27
888,715,,1952,,,,2026-08-27
889,716,,1953,,,,2026-08-27
890,717,,1954,,,,2026-08-27
891,718,,1955,,,,2026-08-27
892,719,,1956,,,,2026-08-27
893,720,,1957,,,,2026-08-27
894,721,,1958,,,,2026-08-27
895,721,,1959,,,,2026-08-27
896,722,,338/1,,,,2026-08-27
897,722,,338/2,,,,2026-08-27
898,723,,,,,,2026-08-27
899,724,,,,,,2026-08-27
900,725,,924,,,,2026-08-27
901,726,,926,,,,2026-08-27
902,727,,927,,,,2026-08-27
903,728,,929,,,,2026-08-27
904,729,,,,,,2026-08-27
905,730,,946,,,,2026-08-27
906,731,,1351,,,,2026-08-27
907,732,,1768,,,,2026-08-27
908,733,,,,,,2026-08-27
909,734,,691,,,,2026-08-27
910,735,,692,,,,2026-08-27
911,736,,21,,,,2026-08-27
912,737,,530,,,,2026-08-27
913,738,,535,,,,2026-08-27
914,738,,536,,,,2026-08-27
915,738,,537,,,,2026-08-27
916,738,,538,,,,2026-08-27
917,739,,539,,,,2026-08-27
918,740,,541,,,,2026-08-27
919,740,,542,,,,2026-08-27
920,741,,549,,,,2026-08-27
921,741,,550,,,,2026-08-27
922,742,,557,,,,2026-08-27
923,742,,558,,,,2026-08-27
924,742,,559,,,,2026-08-27
925,743,,564,,,,2026-08-27
926,743,,565,,,,2026-08-27
927,743,,566,,,,2026-08-27
928,744,,1883,,,,2026-08-27
929,744,,1884,,,,2026-08-27
930,745,,893,,,,2026-08-27
931,746,,422,,,,2026-08-27
932,746,,423,,,,2026-08-27
933,747,,426,,,,2026-08-27
934,747,,427,,,,2026-08-27
935,747,,428,,,,2026-08-27
936,747,,429,,,,2026-08-27
937,747,,430,,,,2026-08-27
938,748,,888,,,,2026-08-27
939,749,,1609,,,,2026-08-27
940,750,,936,,,,2026-08-27
941,751,,937,,,,2026-08-27
942,752,,938,,,,2026-08-27
943,753,,939,,,,2026-08-27
944,754,,940,,,,2026-08-27
945,755,,941,,,,2026-08-27
946,755,,942,,,,2026-08-27
947,756,,943,,,,2026-08-27
948,757,,966,,,,2026-08-27
949,757,,967,,,,2026-08-27
950,758,,1013,,,,2026-08-27
951,759,,1091,,,,2026-08-27
952,759,,1092,,,,2026-08-27
953,759,,1093,,,,2026-08-27
954,760,,1160,,,,2026-08-27
955,761,,1175,,,,2026-08-27
956,762,,1177,,,,2026-08-27
957,762,,1178,,,,2026-08-27
958,763,,1182,,,,2026-08-27
959,764,,1215,,,,2026-08-27
960,765,,1296,,,,2026-08-27
961,766,,1336,,,,2026-08-27
962,767,,1347,,,,2026-08-27
963,768,,1350,,,,2026-08-27
964,769,,1404,,,,2026-08-27
965,770,,1406,,,,2026-08-27
966,771,,1407,,,,2026-08-27
967,772,,1409,,,,2026-08-27
968,772,,1410,,,,2026-08-27
969,773,,1423,,,,2026-08-27
970,774,,1476,,,,2026-08-27
971,774,,1477,,,,2026-08-27
972,774,,1478,,,,2026-08-27
973,775,,1620,,,,2026-08-27
974,775,,1622,,,,2026-08-27
975,776,,1641,,,,2026-08-27
976,776,,1642,,,,2026-08-27
977,777,,1668,,,,2026-08-27
978,778,,1721,,,,2026-08-27
979,778,,1722,,,,2026-08-27
980,779,,1733,,,,2026-08-27
981,779,,1734,,,,2026-08-27
982,779,,1735,,,,2026-08-27
983,780,,1738,,,,2026-08-27
984,781,,1828,,,,2026-08-27
985,782,,1832,,,,2026-08-27
986,782,,1833,,,,2026-08-27
987,782,,1834,,,,2026-08-27
988,783,,1835,,,,2026-08-27
989,784,,1856,,,,2026-08-27
990,784,,1857,,,,2026-08-27
991,784,,1858,,,,2026-08-27
992,784,,1859,,,,2026-08-27
993,784,,1860,,,,2026-08-27
994,785,,1874,,,,2026-08-27
995,786,,784,,,,2026-08-27
996,787,,785,,,,2026-08-27
997,788,,896,,,,2026-08-27
998,789,,650,,,,2026-08-27
999,790,,703,,,,2026-08-27
1000,791,,704,,,,2026-08-27
1001,791,,705,,,,2026-08-27
1002,792,,60,,,,2026-08-27
1003,793,,713/1,,,,2026-08-27
1004,793,,713/2,,,,2026-08-27
1005,794,,716,,,,2026-08-27
1006,795,,721,,,,2026-08-27
1007,796,,748,,,,2026-08-27
1008,797,,74,,,,2026-08-27
1009,798,,75,,,,2026-08-27
1010,799,,760,,,,2026-08-27
1011,800,,778,,,,2026-08-27
1012,801,,145,,,,2026-08-27
1013,802,,147,,,,2026-08-27
1014,803,,148,,,,2026-08-27
1015,804,,158,,,,2026-08-27
1016,805,,159,,,,2026-08-27
1017,806,,165,,,,2026-08-27
1018,807,,272,,,,2026-08-27
1019,808,,295,,,,2026-08-27
1020,808,,296,,,,2026-08-27
1021,809,,345,,,,2026-08-27
1022,810,,372,,,,2026-08-27
1023,811,,408,,,,2026-08-27
1024,812,,418,,,,2026-08-27
1025,813,,419,,,,2026-08-27
1026,814,,420,,,,2026-08-27
1027,814,,421,,,,2026-08-27
1028,815,,452,,,,2026-08-27
1029,816,,463,,,,2026-08-27
1030,816,,464,,,,2026-08-27
1031,817,,466,,,,2026-08-27
1032,818,,469,,,,2026-08-27
1033,818,,470,,,,2026-08-27
1034,819,,485,,,,2026-08-27
1035,820,,490,,,,2026-08-27
1036,821,,543,,,,2026-08-27
1037,822,,561,,,,2026-08-27
1038,823,,928,,,,2026-08-27
1039,824,,1361,,,,2026-08-27
1040,825,,1362,,,,2026-08-27
1041,826,,1736,,,,2026-08-27
1042,827,,651,,,,2026-08-27
1043,827,,652,,,,2026-08-27
1044,828,,654,,,,2026-08-27
1045,829,,271,,,,2026-08-27
1046,830,,347,,,,2026-08-27
1047,831,,348,,,,2026-08-27
1048,832,,447,,,,2026-08-27
1049,833,,468,,,,2026-08-27
1050,834,,509,,,,2026-08-27
1051,835,,1461,,,,2026-08-27
1052,836,,1737,,,,2026-08-27
1053,837,,1741,,,,2026-08-27
1054,837,,1742,,,,2026-08-27
1055,837,,1743,,,,2026-08-27
1056,837,,1744,,,,2026-08-27
1057,837,,1745,,,,2026-08-27
1058,837,,1746,,,,2026-08-27
1059,837,,1747,,,,2026-08-27
1060,837,,1748,,,,2026-08-27
1061,837,,1749,,,,2026-08-27
1062,837,,1750,,,,2026-08-27
1063,838,,1754,,,,2026-08-27
1064,838,,1756,,,,2026-08-27
1065,838,,1757,,,,2026-08-27
1066,838,,1758,,,,2026-08-27
1067,838,,1759,,,,2026-08-27
1068,838,,1760,,,,2026-08-27
1069,838,,1761,,,,2026-08-27
1070,838,,1762,,,,2026-08-27
1071,839,,1772,,,,2026-08-27
1072,839,,1773,,,,2026-08-27
1073,839,,1774,,,,2026-08-27
1074,839,,1775,,,,2026-08-27
1075,839,,1776,,,,2026-08-27
1076,839,,1777,,,,2026-08-27
1077,839,,1778,,,,2026-08-27
1078,839,,1779,,,,2026-08-27
1079,840,,1782,,,,2026-08-27
1080,840,,1783,,,,2026-08-27
1081,840,,1784,,,,2026-08-27
1082,840,,1785,,,,2026-08-27
1083,840,,1786,,,,2026-08-27
1084,840,,1787,,,,2026-08-27
1085,840,,1788,,,,2026-08-27
1086,840,,1789,,,,2026-08-27
1087,840,,1790,,,,2026-08-27
1088,841,,1794,,,,2026-08-27
1089,841,,1795,,,,2026-08-27
1090,841,,1796,,,,2026-08-27
1091,841,,1797,,,,2026-08-27
1092,842,,1798,,,,2026-08-27
1093,842,,1799,,,,2026-08-27
1094,842,,1800,,,,2026-08-27
1095,842,,1801,,,,2026-08-27
1096,842,,1802,,,,2026-08-27
1097,842,,1803,,,,2026-08-27
1098,843,,1809,,,,2026-08-27
1099,843,,1810,,,,2026-08-27
1100,843,,1811,,,,2026-08-27
1101,843,,1812,,,,2026-08-27
1102,843,,1813,,,,2026-08-27
1103,843,,1814,,,,2026-08-27
1104,843,,1815,,,,2026-08-27
1105,843,,1816,,,,2026-08-27
1106,844,,1822,,,,2026-08-27
1107,844,,1823,,,,2026-08-27
1108,844,,1824,,,,2026-08-27
1109,844,,1825,,,,2026-08-27
1110,844,,1826,,,,2026-08-27
1111,845,,1838,,,,2026-08-27
1112,845,,1839,,,,2026-08-27
1113,845,,1840,,,,2026-08-27
1114,845,,1841,,,,2026-08-27
1115,845,,1842,,,,2026-08-27
1116,845,,1843,,,,2026-08-27
1117,845,,1844,,,,2026-08-27
1118,845,,1845,,,,2026-08-27
1119,846,,1808,,,,2026-08-27
1120,846,,1848,,,,2026-08-27
1121,846,,1849,,,,2026-08-27
1122,846,,1850,,,,2026-08-27
1123,847,,1851,,,,2026-08-27
1124,847,,1852,,,,2026-08-27
1125,847,,1853,,,,2026-08-27
1126,847,,1854,,,,2026-08-27
1127,847,,1855,,,,2026-08-27
1128,848,,1861,,,,2026-08-27
1129,848,,1862,,,,2026-08-27
1130,848,,1863,,,,2026-08-27
1131,848,,1864,,,,2026-08-27
1132,848,,1865,,,,2026-08-27
1133,848,,1866,,,,2026-08-27
1134,848,,1867,,,,2026-08-27
1135,848,,1868,,,,2026-08-27
1136,848,,1869,,,,2026-08-27
1137,848,,1870,,,,2026-08-27
1138,849,,868,,,,2026-08-27
1139,850,,591,,,,2026-08-27
1140,851,,646,,,,2026-08-27
1141,851,,647,,,,2026-08-27
1142,852,,668,,,,2026-08-27
1143,853,,669,,,,2026-08-27
1144,854,,707,,,,2026-08-27
1145,855,,711,,,,2026-08-27
1146,856,,722,,,,2026-08-27
1147,857,,774,,,,2026-08-27
1148,858,,815,,,,2026-08-27
1149,858,,822,,,,2026-08-27
1150,859,,816,,,,2026-08-27
1151,860,,817,,,,2026-08-27
1152,860,,818,,,,2026-08-27
1153,860,,819,,,,2026-08-27
1154,860,,820,,,,2026-08-27
1155,860,,821,,,,2026-08-27
1156,861,,823,,,,2026-08-27
1157,861,,824,,,,2026-08-27
1158,861,,825,,,,2026-08-27
1159,861,,826,,,,2026-08-27
1160,862,,827,,,,2026-08-27
1161,863,,133,,,,2026-08-27
1162,864,,134,,,,2026-08-27
1163,865,,144,,,,2026-08-27
1164,866,,157,,,,2026-08-27
1165,867,,235,,,,2026-08-27
1166,868,,349,,,,2026-08-27
1167,869,,395,,,,2026-08-27
1168,870,,401,,,,2026-08-27
1169,870,,402,,,,2026-08-27
1170,871,,407,,,,2026-08-27
1171,872,,412,,,,2026-08-27
1172,873,,449,,,,2026-08-27
1173,874,,450,,,,2026-08-27
1174,875,,477,,,,2026-08-27
1175,876,,480,,,,2026-08-27
1176,876,,481,,,,2026-08-27
1177,877,,484,,,,2026-08-27
1178,878,,514,,,,2026-08-27
1179,879,,518,,,,2026-08-27
1180,880,,523,,,,2026-08-27
1181,881,,584,,,,2026-08-27
1182,882,,586,,,,2026-08-27
1183,883,,587,,,,2026-08-27
1184,884,,588,,,,2026-08-27
1185,885,,637,,,,2026-08-27
1186,885,,638,,,,2026-08-27
1187,886,,639,,,,2026-08-27
1188,887,,640,,,,2026-08-27
1189,888,,641,,,,2026-08-27
1190,889,,660,,,,2026-08-27
1191,889,,661,,,,2026-08-27
1192,889,,662,,,,2026-08-27
1193,889,,663,,,,2026-08-27
1194,889,,664,,,,2026-08-27
1195,889,,666,,,,2026-08-27
1196,889,,667,,,,2026-08-27
1197,890,,665,,,,2026-08-27
1198,891,,696,,,,2026-08-27
1199,892,,697,,,,2026-08-27
1200,893,,35,,,,2026-08-27
1201,894,,36,,,,2026-08-27
1202,895,,37,,,,2026-08-27
1203,896,,751,,,,2026-08-27
1204,897,,805,,,,2026-08-27
1205,898,,150,,,,2026-08-27
1206,899,,160,,,,2026-08-27
1207,900,,409,,,,2026-08-27
1208,901,,458,,,,2026-08-27
1209,902,,459,,,,2026-08-27
1210,903,,460,,,,2026-08-27
1211,903,,461,,,,2026-08-27
1212,904,,462,,,,2026-08-27
1213,905,,465,,,,2026-08-27
1214,906,,471,,,,2026-08-27
1215,907,,491,,,,2026-08-27
1216,907,,492,,,,2026-08-27
1217,908,,495,,,,2026-08-27
1218,909,,504,,,,2026-08-27
1219,910,,505,,,,2026-08-27
1220,911,,506,,,,2026-08-27
1221,911,,507,,,,2026-08-27
1222,912,,508,,,,2026-08-27
1223,913,,540,,,,2026-08-27
1224,914,,551,,,,2026-08-27
1225,915,,1045,,,,2026-08-27
1226,916,,1871,,,,2026-08-27
1227,917,,596,,,,2026-08-27
1228,918,,657,,,,2026-08-27
1229,919,,658,,,,2026-08-27
1230,920,,706,,,,2026-08-27
1231,921,,39,,,,2026-08-27
1232,921,,40,,,,2026-08-27
1233,922,,717,,,,2026-08-27
1234,923,,724,,,,2026-08-27
1235,923,,725,,,,2026-08-27
1236,924,,727,,,,2026-08-27
1237,924,,728,,,,2026-08-27
1238,925,,735,,,,2026-08-27
1239,925,,736,,,,2026-08-27
1240,925,,737,,,,2026-08-27
1241,926,,743,,,,2026-08-27
1242,927,,764,,,,2026-08-27
1243,928,,765,,,,2026-08-27
1244,929,,766,,,,2026-08-27
1245,930,,767,,,,2026-08-27
1246,931,,777,,,,2026-08-27
1247,932,,780,,,,2026-08-27
1248,933,,99,,,,2026-08-27
1249,934,,804,,,,2026-08-27
1250,935,,156,,,,2026-08-27
1251,936,,227,,,,2026-08-27
1252,936,,228,,,,2026-08-27
1253,936,,229,,,,2026-08-27
1254,937,,230,,,,2026-08-27
1255,938,,231,,,,2026-08-27
1256,939,,232,,,,2026-08-27
1257,939,,233,,,,2026-08-27
1258,940,,370,,,,2026-08-27
1259,941,,371,,,,2026-08-27
1260,942,,404,,,,2026-08-27
1261,942,,405,,,,2026-08-27
1262,942,,406,,,,2026-08-27
1263,943,,413,,,,2026-08-27
1264,944,,442,,,,2026-08-27
1265,944,,443,,,,2026-08-27
1266,945,,448,,,,2026-08-27
1267,946,,455,,,,2026-08-27
1268,947,,496,,,,2026-08-27
1269,948,,516,,,,2026-08-27
1270,948,,517,,,,2026-08-27
1271,949,,532,,,,2026-08-27
1272,949,,533,,,,2026-08-27
1273,949,,534,,,,2026-08-27
1274,950,,545,,,,2026-08-27
1275,951,,547,,,,2026-08-27
1276,951,,548,,,,2026-08-27
1277,952,,555,,,,2026-08-27
1278,952,,556,,,,2026-08-27
1279,953,,567,,,,2026-08-27
1280,954,,952,,,,2026-08-27
1281,955,,963,,,,2026-08-27
1282,955,,964,,,,2026-08-27
1283,956,,2,,,,2026-08-27
1284,957,,3,,,,2026-08-27
1285,958,,688,,,,2026-08-27
1286,959,,61,,,,2026-08-27
1287,959,,62,,,,2026-08-27
1288,960,,71,,,,2026-08-27
1289,961,,77,,,,2026-08-27
1290,962,,79,,,,2026-08-27
1291,962,,80,,,,2026-08-27
1292,963,,85,,,,2026-08-27
1293,964,,89,,,,2026-08-27
1294,964,,90,,,,2026-08-27
1295,964,,91,,,,2026-08-27
1296,964,,92,,,,2026-08-27
1297,965,,102,,,,2026-08-27
1298,965,,103,,,,2026-08-27
1299,966,,107,,,,2026-08-27
1300,967,,120,,,,2026-08-27
1301,968,,143,,,,2026-08-27
1302,969,,885,,,,2026-08-27
1303,970,,174,,,,2026-08-27
1304,971,,176,,,,2026-08-27
1305,972,,184,,,,2026-08-27
1306,973,,185,,,,2026-08-27
1307,974,,186,,,,2026-08-27
1308,975,,187,,,,2026-08-27
1309,976,,189,,,,2026-08-27
1310,976,,190,,,,2026-08-27
1311,976,,191,,,,2026-08-27
1312,977,,199,,,,2026-08-27
1313,978,,202,,,,2026-08-27
1314,979,,204,,,,2026-08-27
1315,980,,205,,,,2026-08-27
1316,980,,206,,,,2026-08-27
1317,980,,207,,,,2026-08-27
1318,980,,208,,,,2026-08-27
1319,981,,212,,,,2026-08-27
1320,982,,218,,,,2026-08-27
1321,983,,219,,,,2026-08-27
1322,984,,220,,,,2026-08-27
1323,985,,222,,,,2026-08-27
1324,986,,226,,,,2026-08-27
1325,987,,237,,,,2026-08-27
1326,987,,238,,,,2026-08-27
1327,987,,239,,,,2026-08-27
1328,988,,242,,,,2026-08-27
1329,989,,250,,,,2026-08-27
1330,990,,257,,,,2026-08-27
1331,990,,258,,,,2026-08-27
1332,991,,264,,,,2026-08-27
1333,992,,267,,,,2026-08-27
1334,993,,276,,,,2026-08-27
1335,994,,282,,,,2026-08-27
1336,995,,285,,,,2026-08-27
1337,996,,287,,,,2026-08-27
1338,997,,299,,,,2026-08-27
1339,997,,300,,,,2026-08-27
1340,997,,301,,,,2026-08-27
1341,997,,302,,,,2026-08-27
1342,997,,303,,,,2026-08-27
1343,998,,305,,,,2026-08-27
1344,999,,306,,,,2026-08-27
1345,999,,307,,,,2026-08-27
1346,999,,308,,,,2026-08-27
1347,999,,309,,,,2026-08-27
1348,999,,310,,,,2026-08-27
1349,999,,311,,,,2026-08-27
1350,999,,312,,,,2026-08-27
1351,999,,313,,,,2026-08-27
1352,1000,,315,,,,2026-08-27
1353,1000,,316,,,,2026-08-27
1354,1001,,318,,,,2026-08-27
1355,1002,,322,,,,2026-08-27
1356,1003,,327,,,,2026-08-27
1357,1004,,330,,,,2026-08-27
1358,1005,,331,,,,2026-08-27
1359,1006,,341,,,,2026-08-27
1360,1007,,350,,,,2026-08-27
1361,1008,,352,,,,2026-08-27
1362,1008,,353,,,,2026-08-27
1363,1009,,357,,,,2026-08-27
1364,1010,,360,,,,2026-08-27
1365,1011,,376,,,,2026-08-27
1366,1012,,385,,,,2026-08-27
1367,1013,,417,,,,2026-08-27
1368,1014,,440,,,,2026-08-27
1369,1014,,441,,,,2026-08-27
1370,1015,,444,,,,2026-08-27
1371,1015,,445,,,,2026-08-27
1372,1016,,451,,,,2026-08-27
1373,1017,,497,,,,2026-08-27
1374,1018,,500,,,,2026-08-27
1375,1018,,501,,,,2026-08-27
1376,1018,,502,,,,2026-08-27
1377,1019,,511,,,,2026-08-27
1378,1019,,512,,,,2026-08-27
1379,1019,,513,,,,2026-08-27
1380,1020,,524,,,,2026-08-27
1381,1020,,525,,,,2026-08-27
1382,1020,,526,,,,2026-08-27
1383,1021,,841,,,,2026-08-27
1384,1022,,569,,,,2026-08-27
1385,1023,,990,,,,2026-08-27
1386,1024,,1176,,,,2026-08-27
1387,1025,,1460,,,,2026-08-27
1388,1026,,1619,,,,2026-08-27
1389,1027,,1882,,,,2026-08-27
1390,1028,,1214,,,,2026-08-27
1391,1029,,1245/1,,,,2026-08-27
1392,1029,,1245/2,,,,2026-08-27
1393,1029,,1245/3,,,,2026-08-27
1394,1029,,1245/4,,,,2026-08-27
1395,1029,,1245/5,,,,2026-08-27
1396,1029,,1245/6,,,,2026-08-27
1397,1029,,1245/7,,,,2026-08-27
1398,1029,,1245/8,,,,2026-08-27
1399,1029,,1245/9,,,,2026-08-27
1400,1029,,1245/10,,,,2026-08-27
1401,1029,,1245/11,,,,2026-08-27
1402,1029,,1245/12,,,,2026-08-27
1403,1029,,1245/13,,,,2026-08-27
1404,1029,,1245/14,,,,2026-08-27
1405,1029,,1245/15,,,,2026-08-27
1406,1029,,1245/16,,,,2026-08-27
1407,1029,,1245/17,,,,2026-08-27
1408,1029,,1245/18,,,,2026-08-27
1409,1029,,1245/19,,,,2026-08-27
1410,1029,,1245/20,,,,2026-08-27
1411,1029,,1245/21,,,,2026-08-27
1412,1029,,1245/22,,,,2026-08-27
1413,1029,,1245/23,,,,2026-08-27
1414,1029,,1245/24,,,,2026-08-27
1415,1029,,1245/25,,,,2026-08-27
1416,1029,,1245/26,,,,2026-08-27
1417,1029,,1245/27,,,,2026-08-27
1418,1029,,1245/28,,,,2026-08-27
1419,1029,,1245/29,,,,2026-08-27
1420,1029,,1245/30,,,,2026-08-27
1421,1029,,1245/31,,,,2026-08-27
1422,1030,,1250/1,,,,2026-08-27
1423,1030,,1250/2,,,,2026-08-27
1424,1030,,1250/3,,,,2026-08-27
1425,1030,,1250/4,,,,2026-08-27
1426,1030,,1250/5,,,,2026-08-27
1427,1030,,1250/6,,,,2026-08-27
1428,1030,,1250/7,,,,2026-08-27
1429,1030,,1250/8,,,,2026-08-27
1430,1030,,1250/9,,,,2026-08-27
1431,1030,,1250/10,,,,2026-08-27
1432,1030,,1250/11,,,,2026-08-27
1433,1030,,1250/12,,,,2026-08-27
1434,1030,,1250/13,,,,2026-08-27
1435,1030,,1250/14,,,,2026-08-27
1436,1030,,1250/15,,,,2026-08-27
1437,1031,,1256/1,,,,2026-08-27
1438,1031,,1256/2,,,,2026-08-27
1439,1031,,1256/3,,,,2026-08-27
1440,1031,,1256/4,,,,2026-08-27
1441,1031,,1256/5,,,,2026-08-27
1442,1031,,1256/6,,,,2026-08-27
1443,1032,,1260,,,,2026-08-27
1444,1033,,1263,,,,2026-08-27
1445,1034,,1264,,,,2026-08-27
1446,1035,,1265,,,,2026-08-27
1447,1036,,1266,,,,2026-08-27
1448,1037,,1285,,,,2026-08-27
1449,1037,,1286,,,,2026-08-27
1450,1038,,1300/1,,,,2026-08-27
1451,1038,,1300/2,,,,2026-08-27
1452,1038,,1300/3,,,,2026-08-27
1453,1039,,1313/1,,,,2026-08-27
1454,1039,,1313/2,,,,2026-08-27
1455,1039,,1313/3,,,,2026-08-27
1456,1040,,1316,,,,2026-08-27
1457,1041,,1317,,,,2026-08-27
1458,1042,,1325,,,,2026-08-27
1459,1043,,1331/1,,,,2026-08-27
1460,1043,,1331/2,,,,2026-08-27
1461,1043,,1331/3,,,,2026-08-27
1462,1043,,1331/4,,,,2026-08-27
1463,1043,,1331/5,,,,2026-08-27
1464,1043,,1331/6,,,,2026-08-27
1465,1043,,1331/7,,,,2026-08-27
1466,1044,,1340,,,,2026-08-27
1467,1045,,1344,,,,2026-08-27
1468,1045,,1345,,,,2026-08-27
1469,1046,,1346,,,,2026-08-27
1470,1047,,1349/1,,,,2026-08-27
1471,1047,,1349/2,,,,2026-08-27
1472,1047,,1349/3,,,,2026-08-27
1473,1047,,1349/4,,,,2026-08-27
1474,1047,,1349/5,,,,2026-08-27
1475,1047,,1349/6,,,,2026-08-27
1476,1047,,1349/7,,,,2026-08-27
1477,1047,,1349/8,,,,2026-08-27
1478,1048,,1353,,,,2026-08-27
1479,1049,,1355,,,,2026-08-27
1480,1049,,1356,,,,2026-08-27
1481,1049,,1357,,,,2026-08-27
1482,1049,,1358,,,,2026-08-27
1483,1049,,1359,,,,2026-08-27
1484,1050,,1365,,,,2026-08-27
1485,1051,,1366,,,,2026-08-27
1486,1051,,1367,,,,2026-08-27
1487,1051,,1368,,,,2026-08-27
1488,1052,,1372,,,,2026-08-27
1489,1053,,1373,,,,2026-08-27
1490,1054,,1390/1,,,,2026-08-27
1491,1054,,1390/2,,,,2026-08-27
1492,1054,,1390/3,,,,2026-08-27
1493,1054,,1390/4,,,,2026-08-27
1494,1054,,1390/5,,,,2026-08-27
1495,1054,,1390/6,,,,2026-08-27
1496,1054,,1390/7,,,,2026-08-27
1497,1055,,1399,,,,2026-08-27
1498,1056,,1400,,,,2026-08-27
1499,1057,,1401,,,,2026-08-27
1500,1058,,1403,,,,2026-08-27
1501,1058,,1898,,,,2026-08-27
1502,1059,,1411,,,,2026-08-27
1503,1060,,1418/1,,,,2026-08-27
1504,1060,,1418/2,,,,2026-08-27
1505,1060,,1418/3,,,,2026-08-27
1506,1060,,1418/4,,,,2026-08-27
1507,1060,,1418/5,,,,2026-08-27
1508,1060,,1418/6,,,,2026-08-27
1509,1060,,1418/7,,,,2026-08-27
1510,1060,,1418/8,,,,2026-08-27
1511,1061,,1420/1,,,,2026-08-27
1512,1061,,1420/2,,,,2026-08-27
1513,1062,,1421,,,,2026-08-27
1514,1062,,1422,,,,2026-08-27
1515,1063,,1428/1,,,,2026-08-27
1516,1063,,1428/2,,,,2026-08-27
1517,1063,,1428/3,,,,2026-08-27
1518,1063,,1428/4,,,,2026-08-27
1519,1063,,1428/5,,,,2026-08-27
1520,1063,,1428/6,,,,2026-08-27
1521,1064,,1433,,,,2026-08-27
1522,1064,,1434,,,,2026-08-27
1523,1065,,1436,,,,2026-08-27
1524,1066,,1454,,,,2026-08-27
1525,1067,,1457,,,,2026-08-27
1526,1068,,1458,,,,2026-08-27
1527,1069,,861,,,,2026-08-27
1528,1070,,611,,,,2026-08-27
1529,1071,,618,,,,2026-08-27
1530,1071,,619,,,,2026-08-27
1531,1072,,734,,,,2026-08-27
1532,1073,,742,,,,2026-08-27
1533,1074,,752,,,,2026-08-27
1534,1075,,759/1,,,,2026-08-27
1535,1075,,759/2,,,,2026-08-27
1536,1076,,762,,,,2026-08-27
1537,1076,,763,,,,2026-08-27
1538,1077,,155,,,,2026-08-27
1539,1078,,163,,,,2026-08-27
1540,1079,,166,,,,2026-08-27
1541,1080,,203,,,,2026-08-27
1542,1081,,244,,,,2026-08-27
1543,1082,,259,,,,2026-08-27
1544,1083,,270,,,,2026-08-27
1545,1084,,292,,,,2026-08-27
1546,1085,,294,,,,2026-08-27
1547,1086,,328,,,,2026-08-27
1548,1087,,343,,,,2026-08-27
1549,1088,,344,,,,2026-08-27
1550,1089,,355,,,,2026-08-27
1551,1090,,366,,,,2026-08-27
1552,1091,,368,,,,2026-08-27
1553,1092,,411,,,,2026-08-27
1554,1093,,431,,,,2026-08-27
1555,1093,,432,,,,2026-08-27
1556,1094,,467,,,,2026-08-27
1557,1095,,472,,,,2026-08-27
1558,1096,,473,,,,2026-08-27
1559,1096,,474,,,,2026-08-27
1560,1096,,475,,,,2026-08-27
1561,1096,,476,,,,2026-08-27
1562,1097,,478,,,,2026-08-27
1563,1098,,479,,,,2026-08-27
1564,1099,,503,,,,2026-08-27
1565,1100,,519,,,,2026-08-27
1566,1101,,529,,,,2026-08-27
1567,1102,,531,,,,2026-08-27
1568,1103,,544,,,,2026-08-27
1569,1104,,553,,,,2026-08-27
1570,1104,,554,,,,2026-08-27
1571,1105,,563,,,,2026-08-27
1572,1106,,786,,,,2026-08-27
1573,1107,,832,,,,2026-08-27
1574,1108,,833,,,,2026-08-27
1575,1108,,836,,,,2026-08-27
1576,1109,,834,,,,2026-08-27
1577,1110,,835,,,,2026-08-27
1578,1111,,837,,,,2026-08-27
1579,1112,,842,,,,2026-08-27
1580,1113,,843,,,,2026-08-27
1581,1114,,845/1,,,,2026-08-27
1582,1114,,845/2,,,,2026-08-27
1583,1114,,845/3,,,,2026-08-27
1584,1115,,846,,,,2026-08-27
1585,1116,,849,,,,2026-08-27
1586,1117,,11,,,,2026-08-27
1587,1118,,12,,,,2026-08-27
1588,1119,,14,,,,2026-08-27
1589,1119,,15,,,,2026-08-27
1590,1119,,16,,,,2026-08-27
1591,1119,,17,,,,2026-08-27
1592,1119,,18,,,,2026-08-27
1593,1119,,19,,,,2026-08-27
1594,1119,,20,,,,2026-08-27
1595,1120,,22,,,,2026-08-27
1596,1121,,23,,,,2026-08-27
1597,1122,,24,,,,2026-08-27
1598,1123,,1638,,,,2026-08-27
1599,1123,,1640,,,,2026-08-27
1600,1124,,1639,,,,2026-08-27
1601,1125,,1644,,,,2026-08-27
1602,1126,,1701,,,,2026-08-27
1603,1127,,1702,,,,2026-08-27
1604,1128,,1767,,,,2026-08-27
1605,1129,,1873,,,,2026-08-27
1606,1130,,1878,,,,2026-08-27
1607,1131,,1879,,,,2026-08-27
1608,1132,,1890,,,,2026-08-27
1609,1133,,617,,,,2026-08-27
1610,1134,,761,,,,2026-08-27
1611,1135,,775,,,,2026-08-27
1612,1135,,776,,,,2026-08-27
1613,1136,,117,,,,2026-08-27
1614,1137,,161,,,,2026-08-27
1615,1137,,162,,,,2026-08-27
1616,1138,,268,,,,2026-08-27
1617,1138,,269,,,,2026-08-27
1618,1139,,390,,,,2026-08-27
1619,1140,,396,,,,2026-08-27
1620,1141,,403,,,,2026-08-27
1621,1142,,439,,,,2026-08-27
1622,1143,,454,,,,2026-08-27
1623,1144,,489,,,,2026-08-27
1624,1145,,494,,,,2026-08-27
1625,1146,,546,,,,2026-08-27
1626,1147,,962,,,,2026-08-27
1627,1148,,1090,,,,2026-08-27
1628,1149,,1732,,,,2026-08-27
1629,1150,,1739,,,,2026-08-27
1630,1151,,1830,,,,2026-08-27
1631,1152,,1831,,,,2026-08-27
1632,1153,,1962/1,,,,2026-08-27
1633,1153,,1962/2,,,,2026-08-27
1634,1154,,862,,,,2026-08-27
1635,1154,,863,,,,2026-08-27
1636,1154,,864,,,,2026-08-27
1637,1154,,865,,,,2026-08-27
1638,1155,,866,,,,2026-08-27
1639,1155,,867,,,,2026-08-27
1640,1156,,590,,,,2026-08-27
1641,1157,,592,,,,2026-08-27
1642,1158,,593,,,,2026-08-27
1643,1159,,594,,,,2026-08-27
1644,1159,,595,,,,2026-08-27
1645,1160,,613,,,,2026-08-27
1646,1161,,624,,,,2026-08-27
1647,1161,,625,,,,2026-08-27
1648,1161,,626,,,,2026-08-27
1649,1161,,627,,,,2026-08-27
1650,1161,,628,,,,2026-08-27
1651,1162,,629,,,,2026-08-27
1652,1163,,630,,,,2026-08-27
1653,1164,,131,,,,2026-08-27
1654,1165,,135,,,,2026-08-27
1655,1165,,136,,,,2026-08-27
1656,1166,,142,,,,2026-08-27
1657,1167,,394,,,,2026-08-27
1658,1168,,446,,,,2026-08-27
1659,1169,,487,,,,2026-08-27
1660,1169,,488,,,,2026-08-27
1661,1170,,574,,,,2026-08-27
1662,1171,,579,,,,2026-08-27
1663,1171,,580,,,,2026-08-27
1664,1172,,1002,,,,2026-08-27
1665,1173,,173,,,,2026-08-27
1666,1174,,178,,,,2026-08-27
1667,1174,,179,,,,2026-08-27
1668,1175,,180,,,,2026-08-27
1669,1176,,1900,,,,2026-08-27
1670,1176,,1901,,,,2026-08-27
1671,1176,,1902,,,,2026-08-27
1672,1177,,243,,,,2026-08-27
1673,1178,,260,,,,2026-08-27
1674,1178,,261,,,,2026-08-27
1675,1179,,1057,,,,2026-08-27
1676,1180,,1075,,,,2026-08-27
1677,1181,,1165,,,,2026-08-27
1678,1182,,1181,,,,2026-08-27
1679,1183,,1254,,,,2026-08-27
1680,1184,,1255,,,,2026-08-27
1681,1185,,1281,,,,2026-08-27
1682,1185,,1282,,,,2026-08-27
1683,1186,,1283,,,,2026-08-27
1684,1186,,1284,,,,2026-08-27
1685,1187,,1295,,,,2026-08-27
1686,1188,,1304,,,,2026-08-27
1687,1189,,1305,,,,2026-08-27
1688,1190,,1309,,,,2026-08-27
1689,1190,,1310,,,,2026-08-27
1690,1190,,1311,,,,2026-08-27
1691,1190,,1312,,,,2026-08-27
1692,1191,,1354,,,,2026-08-27
1693,1192,,1375,,,,2026-08-27
1694,1192,,1376,,,,2026-08-27
1695,1193,,1412,,,,2026-08-27
1696,1194,,1416,,,,2026-08-27
1697,1194,,1417,,,,2026-08-27
1698,1195,,1419,,,,2026-08-27
1699,1196,,1463,,,,2026-08-27
1700,1197,,1547,,,,2026-08-27
1701,1198,,1570,,,,2026-08-27
1702,1199,,601,,,,2026-08-27
1703,1200,,612,,,,2026-08-27
1704,1201,,28,,,,2026-08-27
1705,1201,,29,,,,2026-08-27
1706,1201,,30,,,,2026-08-27
1707,1201,,31,,,,2026-08-27
1708,1202,,41,,,,2026-08-27
1709,1203,,46,,,,2026-08-27
1710,1204,,746,,,,2026-08-27
1711,1205,,753,,,,2026-08-27
1712,1206,,769,,,,2026-08-27
1713,1207,,83,,,,2026-08-27
1714,1208,,101,,,,2026-08-27
1715,1209,,321,,,,2026-08-27
1716,1210,,397,,,,2026-08-27
1717,1211,,570,,,,2026-08-27
1718,1212,,1034,,,,2026-08-27
1719,1213,,1073,,,,2026-08-27
1720,1213,,1074,,,,2026-08-27
1721,1214,,1129,,,,2026-08-27
1722,1215,,1135,,,,2026-08-27
1723,1215,,1136,,,,2026-08-27
1724,1216,,1143,,,,2026-08-27
1725,1216,,1144,,,,2026-08-27
1726,1217,,1208,,,,2026-08-27
1727,1217,,1209,,,,2026-08-27
1728,1217,,1210,,,,2026-08-27
1729,1217,,1211,,,,2026-08-27
1730,1217,,1212,,,,2026-08-27
1731,1217,,1213,,,,2026-08-27
1732,1218,,1259,,,,2026-08-27
1733,1219,,1308,,,,2026-08-27
1734,1220,,1330,,,,2026-08-27
1735,1221,,1343,,,,2026-08-27
1736,1222,,1388,,,,2026-08-27
1737,1222,,1389,,,,2026-08-27
1738,1223,,1426,,,,2026-08-27
1739,1223,,1427,,,,2026-08-27
1740,1224,,1726,,,,2026-08-27
1741,1225,,1751,,,,2026-08-27
1742,1226,,1752,,,,2026-08-27
1743,1226,,1753,,,,2026-08-27
1744,1226,,1755,,,,2026-08-27
1745,1227,,1769,,,,2026-08-27
1746,1228,,1771,,,,2026-08-27
1747,1229,,1806,,,,2026-08-27
1748,1229,,1807,,,,2026-08-27
1749,1230,,1836,,,,2026-08-27
1750,1230,,1837,,,,2026-08-27
1751,1231,,1487,,,,2026-08-27
1752,1232,,1479,,,,2026-08-27
1753,1233,,1480,,,,2026-08-27
1754,1234,,1483,,,,2026-08-27
1755,1235,,1511,,,,2026-08-27
1756,1236,,1492,,,,2026-08-27
1757,1237,,1518,,,,2026-08-27
1758,1237,,1519,,,,2026-08-27
1759,1237,,1520,,,,2026-08-27
1760,1237,,1521,,,,2026-08-27
1761,1237,,1522,,,,2026-08-27
1762,1237,,1523,,,,2026-08-27
1763,1237,,1524,,,,2026-08-27
1764,1238,,1500,,,,2026-08-27
1765,1239,,1501,,,,2026-08-27
1766,1239,,1502,,,,2026-08-27
1767,1239,,1503,,,,2026-08-27
1768,1239,,1504,,,,2026-08-27
1769,1240,,1540,,,,2026-08-27
1770,1241,,1548,,,,2026-08-27
1771,1242,,1566,,,,2026-08-27
1772,1242,,1567,,,,2026-08-27
1773,1242,,1568,,,,2026-08-27
1774,1243,,1729,,,,2026-08-27
1775,1243,,1730,,,,2026-08-27
1776,1243,,1731,,,,2026-08-27
1777,1244,,899,,,,2026-08-27
1778,1245,,900,,,,2026-08-27
1779,1246,,903,,,,2026-08-27
1780,1246,,904,,,,2026-08-27
1781,1247,,907,,,,2026-08-27
1782,1248,,599,,,,2026-08-27
1783,1248,,600,,,,2026-08-27
1784,1249,,604,,,,2026-08-27
1785,1250,,605,,,,2026-08-27
1786,1250,,606,,,,2026-08-27
1787,1251,,610,,,,2026-08-27
1788,1252,,622,,,,2026-08-27
1789,1253,,634,,,,2026-08-27
1790,1253,,635,,,,2026-08-27
1791,1254,,636,,,,2026-08-27
1792,1255,,48,,,,2026-08-27
1793,1255,,49,,,,2026-08-27
1794,1255,,50,,,,2026-08-27
1795,1255,,51,,,,2026-08-27
1796,1255,,52,,,,2026-08-27
1797,1255,,53,,,,2026-08-27
1798,1255,,54,,,,2026-08-27
1799,1255,,55,,,,2026-08-27
1800,1256,,56,,,,2026-08-27
1801,1257,,58,,,,2026-08-27
1802,1258,,215,,,,2026-08-27
1803,1258,,216,,,,2026-08-27
1804,1258,,217,,,,2026-08-27
1805,1259,,274,,,,2026-08-27
1806,1260,,373,,,,2026-08-27
1807,1261,,374,,,,2026-08-27
1808,1261,,375,,,,2026-08-27
1809,1262,,379,,,,2026-08-27
1810,1262,,380,,,,2026-08-27
1811,1262,,381,,,,2026-08-27
1812,1263,,1154,,,,2026-08-27
1813,1263,,1155,,,,2026-08-27
1814,1263,,1156,,,,2026-08-27
1815,1264,,1157,,,,2026-08-27
1816,1265,,1163,,,,2026-08-27
1817,1266,,1377,,,,2026-08-27
1818,1266,,1378,,,,2026-08-27
1819,1266,,1379,,,,2026-08-27
1820,1266,,1380,,,,2026-08-27
1821,1266,,1381,,,,2026-08-27
1822,1266,,1382,,,,2026-08-27
1823,1266,,1383,,,,2026-08-27
1824,1266,,1384,,,,2026-08-27
1825,1266,,1385,,,,2026-08-27
1826,1266,,1386,,,,2026-08-27
1827,1266,,1387,,,,2026-08-27
1828,1267,,1908,,,,2026-08-27
1829,1268,,1109,,,,2026-08-27
1830,1268,,1110,,,,2026-08-27
1831,1268,,1111,,,,2026-08-27
1832,1269,,1113,,,,2026-08-27
1833,1270,,1115,,,,2026-08-27
1834,1270,,1116,,,,2026-08-27
1835,1271,,1121,,,,2026-08-27
1836,1271,,1122,,,,2026-08-27
1837,1272,,1123,,,,2026-08-27
1838,1272,,1124,,,,2026-08-27
1839,1272,,1125,,,,2026-08-27
1840,1272,,1126,,,,2026-08-27
1841,1272,,1127,,,,2026-08-27
1842,1272,,1128,,,,2026-08-27
1843,1273,,1132,,,,2026-08-27
1844,1273,,1133,,,,2026-08-27
1845,1273,,1134,,,,2026-08-27
1846,1273,,1903,,,,2026-08-27
1847,1274,,1140,,,,2026-08-27
1848,1274,,1141,,,,2026-08-27
1849,1274,,1142,,,,2026-08-27
1850,1275,,1148,,,,2026-08-27
1851,1275,,1152,,,,2026-08-27
1852,1276,,1904,,,,2026-08-27
1853,1276,,1905,,,,2026-08-27
1854,1277,,1906,,,,2026-08-27
1855,1278,,1161,,,,2026-08-27
1856,1278,,1162,,,,2026-08-27
1857,1279,,1166,,,,2026-08-27
1858,1279,,1167,,,,2026-08-27
1859,1279,,1168,,,,2026-08-27
1860,1279,,1169,,,,2026-08-27
1861,1280,,1170,,,,2026-08-27
1862,1281,,1171,,,,2026-08-27
1863,1281,,1172,,,,2026-08-27
1864,1282,,1173,,,,2026-08-27
1865,1283,,1180,,,,2026-08-27
1866,1284,,1183,,,,2026-08-27
1867,1284,,1184,,,,2026-08-27
1868,1284,,1185,,,,2026-08-27
1869,1284,,1186,,,,2026-08-27
1870,1285,,1189,,,,2026-08-27
1871,1285,,1190,,,,2026-08-27
1872,1285,,1191,,,,2026-08-27
1873,1285,,1192,,,,2026-08-27
1874,1285,,1193,,,,2026-08-27
1875,1285,,1194,,,,2026-08-27
1876,1285,,1195,,,,2026-08-27
1877,1285,,1196,,,,2026-08-27
1878,1285,,1197,,,,2026-08-27
1879,1285,,1198,,,,2026-08-27
1880,1285,,1199,,,,2026-08-27
1881,1285,,1200,,,,2026-08-27
1882,1285,,1201,,,,2026-08-27
1883,1285,,1202,,,,2026-08-27
1884,1285,,1203,,,,2026-08-27
1885,1285,,1204,,,,2026-08-27
1886,1285,,1205,,,,2026-08-27
1887,1285,,1206,,,,2026-08-27
1888,1285,,1207,,,,2026-08-27
1889,1286,,1229,,,,2026-08-27
1890,1286,,1230,,,,2026-08-27
1891,1286,,1231,,,,2026-08-27
1892,1286,,1232,,,,2026-08-27
1893,1286,,1233,,,,2026-08-27
1894,1286,,1234,,,,2026-08-27
1895,1286,,1235,,,,2026-08-27
1896,1286,,1236,,,,2026-08-27
1897,1286,,1237,,,,2026-08-27
1898,1286,,1238,,,,2026-08-27
1899,1286,,1239,,,,2026-08-27
1900,1286,,1240,,,,2026-08-27
1901,1286,,1241,,,,2026-08-27
1902,1286,,1242,,,,2026-08-27
1903,1286,,1243,,,,2026-08-27
1904,1287,,1244,,,,2026-08-27
1905,1288,,1455,,,,2026-08-27
1906,1289,,973,,,,2026-08-27
1907,1290,,974,,,,2026-08-27
1908,1290,,975,,,,2026-08-27
1909,1290,,976,,,,2026-08-27
1910,1290,,977,,,,2026-08-27
1911,1291,,978,,,,2026-08-27
1912,1291,,979,,,,2026-08-27
1913,1291,,980,,,,2026-08-27
1914,1292,,981,,,,2026-08-27
1915,1292,,982,,,,2026-08-27
1916,1293,,983,,,,2026-08-27
1917,1294,,984,,,,2026-08-27
1918,1295,,985,,,,2026-08-27
1919,1295,,986,,,,2026-08-27
1920,1296,,991,,,,2026-08-27
1921,1297,,995,,,,2026-08-27
1922,1298,,996,,,,2026-08-27
1923,1298,,997,,,,2026-08-27
1924,1299,,998,,,,2026-08-27
1925,1300,,1000,,,,2026-08-27
1926,1301,,1001,,,,2026-08-27
1927,1302,,1003,,,,2026-08-27
1928,1302,,1004,,,,2026-08-27
1929,1302,,1005,,,,2026-08-27
1930,1303,,1014,,,,2026-08-27
1931,1304,,1015,,,,2026-08-27
1932,1305,,1017,,,,2026-08-27
1933,1306,,1027,,,,2026-08-27
1934,1306,,1028,,,,2026-08-27
1935,1306,,1029,,,,2026-08-27
1936,1307,,1035,,,,2026-08-27
1937,1308,,1036,,,,2026-08-27
1938,1308,,1037,,,,2026-08-27
1939,1308,,1038,,,,2026-08-27
1940,1308,,1039,,,,2026-08-27
1941,1308,,1041,,,,2026-08-27
1942,1308,,1042,,,,2026-08-27
1943,1308,,1043,,,,2026-08-27
1944,1308,,1044,,,,2026-08-27
1945,1308,,1046,,,,2026-08-27
1946,1309,,1040,,,,2026-08-27
1947,1310,,1049,,,,2026-08-27
1948,1311,,1050,,,,2026-08-27
1949,1312,,1051,,,,2026-08-27
1950,1312,,1052,,,,2026-08-27
1951,1312,,1053,,,,2026-08-27
1952,1312,,1054,,,,2026-08-27
1953,1312,,1055,,,,2026-08-27
1954,1312,,1056,,,,2026-08-27
1955,1313,,1064,,,,2026-08-27
1956,1314,,1065,,,,2026-08-27
1957,1314,,1066,,,,2026-08-27
1958,1314,,1067,,,,2026-08-27
1959,1314,,1068,,,,2026-08-27
1960,1315,,1069,,,,2026-08-27
1961,1315,,1070,,,,2026-08-27
1962,1315,,1071,,,,2026-08-27
1963,1315,,1072,,,,2026-08-27
1964,1316,,1078,,,,2026-08-27
1965,1316,,1079,,,,2026-08-27
1966,1316,,1080,,,,2026-08-27
1967,1316,,1081,,,,2026-08-27
1968,1316,,1082,,,,2026-08-27
1969,1316,,1083,,,,2026-08-27
1970,1316,,1084,,,,2026-08-27
1971,1316,,1085,,,,2026-08-27
1972,1316,,1086,,,,2026-08-27
1973,1316,,1087,,,,2026-08-27
1974,1316,,1088,,,,2026-08-27
1975,1317,,1094,,,,2026-08-27
1976,1318,,1098,,,,2026-08-27
1977,1318,,1099,,,,2026-08-27
1978,1318,,1100,,,,2026-08-27
1979,1318,,1101,,,,2026-08-27
1980,1318,,1102,,,,2026-08-27
1981,1318,,1103,,,,2026-08-27
1982,1318,,1104,,,,2026-08-27
1983,1318,,1105,,,,2026-08-27
1984,1318,,1106,,,,2026-08-27
1985,1318,,1107,,,,2026-08-27
1986,1318,,1108,,,,2026-08-27
1987,1319,,1112,,,,2026-08-27
1988,1320,,803,,,,2026-08-27
1989,1321,,869,,,,2026-08-27
1990,1322,,5,,,,2026-08-27
1991,1323,,585,,,,2026-08-27
1992,1324,,602,,,,2026-08-27
1993,1324,,603,,,,2026-08-27
1994,1325,,614,,,,2026-08-27
1995,1326,,633,,,,2026-08-27
1996,1327,,671,,,,2026-08-27
1997,1328,,694,,,,2026-08-27
1998,1328,,695,,,,2026-08-27
1999,1329,,32,,,,2026-08-27
2000,1329,,33,,,,2026-08-27
2001,1329,,34,,,,2026-08-27
2002,1330,,38,,,,2026-08-27
2003,1331,,42,,,,2026-08-27
2004,1332,,47,,,,2026-08-27
2005,1333,,57,,,,2026-08-27
2006,1334,,59,,,,2026-08-27
2007,1335,,718,,,,2026-08-27
2008,1336,,719,,,,2026-08-27
2009,1337,,747,,,,2026-08-27
2010,1338,,754,,,,2026-08-27
2011,1339,,755,,,,2026-08-27
2012,1340,,770,,,,2026-08-27
2013,1341,,779,,,,2026-08-27
2014,1342,,84,,,,2026-08-27
2015,1343,,104,,,,2026-08-27
2016,1344,,810,,,,2026-08-27
2017,1345,,119,,,,2026-08-27
2018,1346,,128,,,,2026-08-27
2019,1347,,129,,,,2026-08-27
2020,1348,,146,,,,2026-08-27
2021,1349,,831,,,,2026-08-27
2022,1350,,171,,,,2026-08-27
2023,1350,,172,,,,2026-08-27
2024,1351,,175,,,,2026-08-27
2025,1352,,177,,,,2026-08-27
2026,1353,,188,,,,2026-08-27
2027,1354,,192,,,,2026-08-27
2028,1354,,193,,,,2026-08-27
2029,1355,,209,,,,2026-08-27
2030,1356,,234,,,,2026-08-27
2031,1357,,240,,,,2026-08-27
2032,1358,,248,,,,2026-08-27
2033,1358,,249,,,,2026-08-27
2034,1359,,251,,,,2026-08-27
2035,1360,,255,,,,2026-08-27
2036,1361,,256,,,,2026-08-27
2037,1362,,273,,,,2026-08-27
2038,1363,,279,,,,2026-08-27
2039,1363,,280,,,,2026-08-27
2040,1364,,367,,,,2026-08-27
2041,1365,,410,,,,2026-08-27
2042,1366,,438,,,,2026-08-27
2043,1367,,453,,,,2026-08-27
2044,1368,,456,,,,2026-08-27
2045,1368,,457,,,,2026-08-27
2046,1369,,493,,,,2026-08-27
2047,1370,,520,,,,2026-08-27
2048,1370,,521,,,,2026-08-27
2049,1371,,527,,,,2026-08-27
2050,1372,,850,,,,2026-08-27
2051,1373,,552,,,,2026-08-27
2052,1374,,923,,,,2026-08-27
2053,1375,,,,,,2026-08-27
2054,1376,,944,,,,2026-08-27
2055,1377,,947,,,,2026-08-27
2056,1378,,1076,,,,2026-08-27
2057,1379,,1137,,,,2026-08-27
2058,1379,,1138,,,,2026-08-27
2059,1380,,1149,,,,2026-08-27
2060,1380,,1150,,,,2026-08-27
2061,1380,,1151,,,,2026-08-27
2062,1381,,1216,,,,2026-08-27
2063,1381,,1217,,,,2026-08-27
2064,1381,,1218,,,,2026-08-27
2065,1381,,1219,,,,2026-08-27
2066,1381,,1220,,,,2026-08-27
2067,1381,,1221,,,,2026-08-27
2068,1381,,1222,,,,2026-08-27
2069,1382,,1257,,,,2026-08-27
2070,1383,,1271,,,,2026-08-27
2071,1384,,1314,,,,2026-08-27
2072,1385,,1332,,,,2026-08-27
2073,1385,,1333,,,,2026-08-27
2074,1386,,1352,,,,2026-08-27
2075,1387,,1391,,,,2026-08-27
2076,1387,,1392,,,,2026-08-27
2077,1388,,1429,,,,2026-08-27
2078,1388,,1430,,,,2026-08-27
2079,1389,,1541,,,,2026-08-27
2080,1390,,1616,,,,2026-08-27
2081,1391,,1703,,,,2026-08-27
2082,1392,,1727,,,,2026-08-27
2083,1392,,1728,,,,2026-08-27
2084,1393,,1763,,,,2026-08-27
2085,1393,,1764,,,,2026-08-27
2086,1393,,1765,,,,2026-08-27
2087,1394,,1770,,,,2026-08-27
2088,1395,,1780,,,,2026-08-27
2089,1396,,1817,,,,2026-08-27
2090,1396,,1818,,,,2026-08-27
2091,1397,,1827,,,,2026-08-27
2092,1398,,1829,,,,2026-08-27
2093,1399,,1846,,,,2026-08-27
2094,1399,,1847,,,,2026-08-27
